locus_tag	ftype	gene	EC_number	product
ILKHNOCB_00001	CDS	hypothetical protein
ILKHNOCB_00002	CDS	hypothetical protein
ILKHNOCB_00003	CDS	hypothetical protein
ILKHNOCB_00004	CDS	radD_1	3.6.4.12	Putative DNA repair helicase RadD
ILKHNOCB_00005	CDS	hypothetical protein
ILKHNOCB_00006	CDS	hypothetical protein
ILKHNOCB_00007	CDS	lpdA_1	1.8.1.4	Dihydrolipoyl dehydrogenase
ILKHNOCB_00008	CDS	hypothetical protein
ILKHNOCB_00009	CDS	hypothetical protein
ILKHNOCB_00010	CDS	ygiD_1	1.13.11.29	4,5-DOPA dioxygenase extradiol
ILKHNOCB_00011	CDS	hypothetical protein
ILKHNOCB_00012	CDS	hypothetical protein
ILKHNOCB_00013	CDS	hypothetical protein
ILKHNOCB_00014	CDS	hypothetical protein
ILKHNOCB_00015	CDS	hypothetical protein
ILKHNOCB_00016	tRNA	tRNA-Ala(tgc)
ILKHNOCB_00017	CDS	proB	2.7.2.11	Glutamate 5-kinase
ILKHNOCB_00018	CDS	fni	5.3.3.2	Isopentenyl-diphosphate delta-isomerase
ILKHNOCB_00019	CDS	hypothetical protein
ILKHNOCB_00020	CDS	galE1	5.1.3.2	UDP-glucose 4-epimerase
ILKHNOCB_00021	CDS	hypothetical protein
ILKHNOCB_00022	CDS	aspC	2.6.1.1	Aspartate aminotransferase
ILKHNOCB_00023	CDS	hypothetical protein
ILKHNOCB_00024	CDS	hypothetical protein
ILKHNOCB_00025	CDS	hypothetical protein
ILKHNOCB_00026	CDS	ntpD	V-type sodium ATPase subunit D
ILKHNOCB_00027	CDS	ntpB	V-type sodium ATPase subunit B
ILKHNOCB_00028	CDS	ntpA	3.6.3.15	V-type sodium ATPase catalytic subunit A
ILKHNOCB_00029	CDS	atpF	V-type ATP synthase subunit F
ILKHNOCB_00030	CDS	atpC	V-type ATP synthase subunit C
ILKHNOCB_00031	CDS	atpE	V-type proton ATPase subunit E
ILKHNOCB_00032	CDS	hypothetical protein
ILKHNOCB_00033	CDS	hypothetical protein
ILKHNOCB_00034	CDS	ogg	putative N-glycosylase/DNA lyase
ILKHNOCB_00035	CDS	2.7.8.-	Cardiolipin synthase
ILKHNOCB_00036	CDS	sodB	1.15.1.1	Superoxide dismutase [Fe]
ILKHNOCB_00037	CDS	nanT	Putative sialic acid transporter
ILKHNOCB_00038	CDS	hypothetical protein
ILKHNOCB_00039	CDS	hypothetical protein
ILKHNOCB_00040	CDS	hypothetical protein
ILKHNOCB_00041	CDS	hypothetical protein
ILKHNOCB_00042	CDS	pyrG	6.3.4.2	CTP synthase
ILKHNOCB_00043	CDS	hypothetical protein
ILKHNOCB_00044	CDS	hypothetical protein
ILKHNOCB_00045	CDS	hypothetical protein
ILKHNOCB_00046	CDS	acs_1	6.2.1.1	Acetyl-coenzyme A synthetase
ILKHNOCB_00047	CDS	hypothetical protein
ILKHNOCB_00048	CDS	argD	2.6.1.11	Acetylornithine aminotransferase
ILKHNOCB_00049	CDS	hypothetical protein
ILKHNOCB_00050	CDS	hypothetical protein
ILKHNOCB_00051	CDS	valS	6.1.1.9	Valine--tRNA ligase
ILKHNOCB_00052	CDS	hypothetical protein
ILKHNOCB_00053	CDS	hypothetical protein
ILKHNOCB_00054	CDS	thrC	4.2.3.1	Threonine synthase
ILKHNOCB_00055	CDS	hypothetical protein
ILKHNOCB_00056	CDS	hypothetical protein
ILKHNOCB_00057	CDS	hypothetical protein
ILKHNOCB_00058	CDS	hypothetical protein
ILKHNOCB_00059	CDS	ytnP	3.1.1.-	putative quorum-quenching lactonase YtnP
ILKHNOCB_00060	CDS	mat	2.5.1.6	S-adenosylmethionine synthase
ILKHNOCB_00061	CDS	purH	Bifunctional purine biosynthesis protein PurH
ILKHNOCB_00062	CDS	3.4.21.101	Xanthomonalisin
ILKHNOCB_00063	CDS	tri1_1	3.4.21.-	Tricorn protease 
ILKHNOCB_00064	CDS	hypothetical protein
ILKHNOCB_00065	CDS	topB	5.99.1.2	DNA topoisomerase 3
ILKHNOCB_00066	CDS	dgoD	4.2.1.6	D-galactonate dehydratase
ILKHNOCB_00067	CDS	hypothetical protein
ILKHNOCB_00068	CDS	glyA_1	2.1.2.1	Serine hydroxymethyltransferase
ILKHNOCB_00069	CDS	pdxT	4.3.3.6	Pyridoxal 5'-phosphate synthase subunit PdxT
ILKHNOCB_00070	CDS	gcvT	2.1.2.10	Aminomethyltransferase
ILKHNOCB_00071	CDS	hypothetical protein
ILKHNOCB_00072	CDS	nrdZ	1.17.4.1	Vitamin B12-dependent ribonucleoside-diphosphate reductase
ILKHNOCB_00073	CDS	hypothetical protein
ILKHNOCB_00074	CDS	hypothetical protein
ILKHNOCB_00075	CDS	hypothetical protein
ILKHNOCB_00076	CDS	kch	Voltage-gated potassium channel Kch
ILKHNOCB_00077	tRNA	tRNA-Leu(gag)
ILKHNOCB_00078	CDS	hypothetical protein
ILKHNOCB_00079	CDS	hypothetical protein
ILKHNOCB_00080	CDS	hypothetical protein
ILKHNOCB_00081	CDS	pepN_1	3.4.11.2	Aminopeptidase N
ILKHNOCB_00082	CDS	hypothetical protein
ILKHNOCB_00083	CDS	hypothetical protein
ILKHNOCB_00084	CDS	hypothetical protein
ILKHNOCB_00085	CDS	yitJ	Bifunctional homocysteine S-methyltransferase/5,10-methylenetetrahydrofolate reductase
ILKHNOCB_00086	CDS	hypothetical protein
ILKHNOCB_00087	CDS	metE	2.1.1.14	5-methyltetrahydropteroyltriglutamate--homocysteine methyltransferase
ILKHNOCB_00088	CDS	hypothetical protein
ILKHNOCB_00089	CDS	hypothetical protein
ILKHNOCB_00090	CDS	hypothetical protein
ILKHNOCB_00091	CDS	oxlT	Oxalate:formate antiporter
ILKHNOCB_00092	CDS	dapB	1.17.1.8	4-hydroxy-tetrahydrodipicolinate reductase
ILKHNOCB_00093	CDS	acs_2	6.2.1.1	Acetyl-coenzyme A synthetase
ILKHNOCB_00094	CDS	1.-.-.-	putative oxidoreductase
ILKHNOCB_00095	CDS	hypothetical protein
ILKHNOCB_00096	CDS	hypothetical protein
ILKHNOCB_00097	CDS	tusA	2.8.1.-	Sulfurtransferase TusA
ILKHNOCB_00098	CDS	fccB_1	1.8.2.3	Sulfide dehydrogenase [flavocytochrome c] flavoprotein chain
ILKHNOCB_00099	CDS	aroF	2.5.1.54	Phospho-2-dehydro-3-deoxyheptonate aldolase
ILKHNOCB_00100	CDS	hypothetical protein
ILKHNOCB_00101	CDS	hypothetical protein
ILKHNOCB_00102	CDS	hypothetical protein
ILKHNOCB_00103	CDS	bsmA	2.1.1.156	Glycine/sarcosine N-methyltransferase
ILKHNOCB_00104	tRNA	tRNA-Thr(tgt)
ILKHNOCB_00105	CDS	dapb3_1	3.4.14.-	Dipeptidyl aminopeptidase BIII
ILKHNOCB_00106	CDS	hypothetical protein
ILKHNOCB_00107	CDS	hutU	4.2.1.49	Urocanate hydratase
ILKHNOCB_00108	CDS	cugP	2.7.7.9	UTP--glucose-1-phosphate uridylyltransferase
ILKHNOCB_00109	CDS	smc_1	Chromosome partition protein Smc
ILKHNOCB_00110	CDS	pyrF	4.1.1.23	Orotidine 5'-phosphate decarboxylase
ILKHNOCB_00111	CDS	ftsZ_1	Cell division protein FtsZ
ILKHNOCB_00112	CDS	4.3.2.3	Ureidoglycolate lyase
ILKHNOCB_00113	CDS	pyrE_1	2.4.2.10	Orotate phosphoribosyltransferase
ILKHNOCB_00114	CDS	hypothetical protein
ILKHNOCB_00115	CDS	hypothetical protein
ILKHNOCB_00116	CDS	hypothetical protein
ILKHNOCB_00117	CDS	hypothetical protein
ILKHNOCB_00118	CDS	hypothetical protein
ILKHNOCB_00119	CDS	glnA	6.3.1.2	Glutamine synthetase
ILKHNOCB_00120	CDS	nnr	Bifunctional NAD(P)H-hydrate repair enzyme Nnr
ILKHNOCB_00121	CDS	dltA	6.1.1.13	D-alanine--poly(phosphoribitol) ligase subunit 1
ILKHNOCB_00122	CDS	yqjI_1	Transcriptional regulator YqjI
ILKHNOCB_00123	CDS	gltA_1	2.3.3.16	Citrate synthase
ILKHNOCB_00124	CDS	vapC_1	3.1.-.-	tRNA(fMet)-specific endonuclease VapC
ILKHNOCB_00125	CDS	hypothetical protein
ILKHNOCB_00126	CDS	hypothetical protein
ILKHNOCB_00127	CDS	cbs	4.2.1.22	Putative cystathionine beta-synthase
ILKHNOCB_00128	CDS	hypothetical protein
ILKHNOCB_00129	CDS	hypothetical protein
ILKHNOCB_00130	CDS	hypothetical protein
ILKHNOCB_00131	CDS	apbC	Iron-sulfur cluster carrier protein
ILKHNOCB_00132	CDS	glgB	2.4.1.18	1,4-alpha-glucan branching enzyme GlgB
ILKHNOCB_00133	CDS	glgE1	2.4.99.16	Alpha-1,4-glucan:maltose-1-phosphate maltosyltransferase 1
ILKHNOCB_00134	CDS	treS	3.2.1.1	Trehalose synthase/amylase TreS
ILKHNOCB_00135	CDS	mak	2.7.1.175	Maltokinase
ILKHNOCB_00136	CDS	yvqK	2.5.1.17	Cob(I)yrinic acid a,c-diamide adenosyltransferase
ILKHNOCB_00137	CDS	hypothetical protein
ILKHNOCB_00138	CDS	carC	1.3.1.108	Caffeyl-CoA reductase-Etf complex subunit CarC
ILKHNOCB_00139	CDS	acdA_1	1.3.99.-	Acyl-CoA dehydrogenase
ILKHNOCB_00140	CDS	fadA_1	2.3.1.16	3-ketoacyl-CoA thiolase
ILKHNOCB_00141	CDS	carD_1	1.3.1.108	Caffeyl-CoA reductase-Etf complex subunit CarD
ILKHNOCB_00142	CDS	etfA	Electron transfer flavoprotein subunit alpha
ILKHNOCB_00143	CDS	hypothetical protein
ILKHNOCB_00144	CDS	hypothetical protein
ILKHNOCB_00145	CDS	ilvE	2.6.1.42	Branched-chain-amino-acid aminotransferase
ILKHNOCB_00146	CDS	cbiA	6.3.5.11	Cobyrinate a,c-diamide synthase
ILKHNOCB_00147	CDS	hypothetical protein
ILKHNOCB_00148	CDS	hypothetical protein
ILKHNOCB_00149	CDS	rsmC	2.1.1.172	Ribosomal RNA small subunit methyltransferase C
ILKHNOCB_00150	CDS	lutA	Lactate utilization protein A
ILKHNOCB_00151	CDS	arcB	1.5.1.49	Delta(1)-pyrroline-2-carboxylate reductase
ILKHNOCB_00152	CDS	trpS	6.1.1.2	Tryptophan--tRNA ligase
ILKHNOCB_00153	CDS	ttcA	tRNA 2-thiocytidine biosynthesis protein TtcA
ILKHNOCB_00154	CDS	hypothetical protein
ILKHNOCB_00155	CDS	hypothetical protein
ILKHNOCB_00156	CDS	hypothetical protein
ILKHNOCB_00157	CDS	hypothetical protein
ILKHNOCB_00158	CDS	abo	1.5.3.19	4-methylaminobutanoate oxidase (formaldehyde-forming)
ILKHNOCB_00159	CDS	ycgJ_1	2.1.1.-	putative methyltransferase YcgJ
ILKHNOCB_00160	CDS	3.4.21.101	Xanthomonalisin
ILKHNOCB_00161	CDS	PE-PGRS family protein PE_PGRS18
ILKHNOCB_00162	CDS	hypothetical protein
ILKHNOCB_00163	CDS	yjiB	1.14.-.-	Putative cytochrome P450 YjiB
ILKHNOCB_00164	CDS	ppaX	3.6.1.1	Pyrophosphatase PpaX
ILKHNOCB_00165	CDS	pepN_2	3.4.11.2	Aminopeptidase N
ILKHNOCB_00166	CDS	hypothetical protein
ILKHNOCB_00167	CDS	drrA_1	3.6.3.-	Daunorubicin/doxorubicin resistance ATP-binding protein DrrA
ILKHNOCB_00168	CDS	hypothetical protein
ILKHNOCB_00169	CDS	mrsD	4.1.1.-	Mersacidin decarboxylase
ILKHNOCB_00170	CDS	yycJ	3.-.-.-	Putative metallo-hydrolase YycJ
ILKHNOCB_00171	CDS	Hgd	1.1.1.291	2-(hydroxymethyl)glutarate dehydrogenase
ILKHNOCB_00172	CDS	hypothetical protein
ILKHNOCB_00173	CDS	hutI	3.5.2.7	Imidazolonepropionase
ILKHNOCB_00174	CDS	hypothetical protein
ILKHNOCB_00175	CDS	miaB	2.8.4.3	tRNA-2-methylthio-N(6)-dimethylallyladenosine synthase
ILKHNOCB_00176	CDS	hypothetical protein
ILKHNOCB_00177	CDS	2.1.1.156	Glycine/sarcosine N-methyltransferase
ILKHNOCB_00178	CDS	aspA	4.3.1.1	Aspartate ammonia-lyase
ILKHNOCB_00179	CDS	Universal stress protein
ILKHNOCB_00180	tRNA	tRNA-Ser(gga)
ILKHNOCB_00181	CDS	hypothetical protein
ILKHNOCB_00182	CDS	hypothetical protein
ILKHNOCB_00183	CDS	natA_1	ABC transporter ATP-binding protein NatA
ILKHNOCB_00184	CDS	hypothetical protein
ILKHNOCB_00185	CDS	hypothetical protein
ILKHNOCB_00186	CDS	arsR1_1	Arsenic resistance transcriptional regulator ArsR1
ILKHNOCB_00187	CDS	arsC2	2.8.4.2	Arsenate-mycothiol transferase ArsC2
ILKHNOCB_00188	CDS	arsB	Arsenical pump membrane protein
ILKHNOCB_00189	CDS	hypothetical protein
ILKHNOCB_00190	CDS	hypothetical protein
ILKHNOCB_00191	CDS	putative ABC transporter ATP-binding protein
ILKHNOCB_00192	CDS	oppD_1	Oligopeptide transport ATP-binding protein OppD
ILKHNOCB_00193	CDS	ddpC_1	putative D,D-dipeptide transport system permease protein DdpC
ILKHNOCB_00194	CDS	dppB_1	Dipeptide transport system permease protein DppB
ILKHNOCB_00195	CDS	coaA	2.7.1.33	Pantothenate kinase
ILKHNOCB_00196	CDS	fadA_2	2.3.1.-	Putative acyltransferase
ILKHNOCB_00197	CDS	Epimerase family protein
ILKHNOCB_00198	CDS	putative ABC transporter ATP-binding protein
ILKHNOCB_00199	CDS	putative ABC transporter ATP-binding protein
ILKHNOCB_00200	CDS	proP	Proline/betaine transporter
ILKHNOCB_00201	CDS	dtxR	Diphtheria toxin repressor
ILKHNOCB_00202	CDS	hypothetical protein
ILKHNOCB_00203	CDS	hypothetical protein
ILKHNOCB_00204	CDS	paaF_1	4.2.1.17	2,3-dehydroadipyl-CoA hydratase
ILKHNOCB_00205	CDS	prs	2.7.6.1	Ribose-phosphate pyrophosphokinase
ILKHNOCB_00206	CDS	kptA	2.7.1.-	RNA 2'-phosphotransferase
ILKHNOCB_00207	CDS	1.-.-.-	NADH oxidase
ILKHNOCB_00208	CDS	hypothetical protein
ILKHNOCB_00209	tRNA	tRNA-Pro(tgg)
ILKHNOCB_00210	CDS	hypothetical protein
ILKHNOCB_00211	CDS	hypothetical protein
ILKHNOCB_00212	CDS	arsR1_2	Arsenic resistance transcriptional regulator ArsR1
ILKHNOCB_00213	CDS	hypothetical protein
ILKHNOCB_00214	CDS	fccB_2	1.8.2.3	Sulfide dehydrogenase [flavocytochrome c] flavoprotein chain
ILKHNOCB_00215	CDS	gdhI	1.1.1.47	Glucose 1-dehydrogenase 1
ILKHNOCB_00216	CDS	plaP	Low-affinity putrescine importer PlaP
ILKHNOCB_00217	CDS	hpnR_1	2.1.1.-	Hopanoid C-3 methylase
ILKHNOCB_00218	CDS	hypothetical protein
ILKHNOCB_00219	CDS	hypothetical protein
ILKHNOCB_00220	CDS	cmpD	3.6.3.-	Bicarbonate transport ATP-binding protein CmpD
ILKHNOCB_00221	CDS	yybR	putative HTH-type transcriptional regulator YybR
ILKHNOCB_00222	CDS	yceI	Protein YceI
ILKHNOCB_00223	CDS	3.5.3.3	Creatinase
ILKHNOCB_00224	CDS	mtnC	3.1.3.77	Enolase-phosphatase E1
ILKHNOCB_00225	CDS	mtnD	1.13.11.54	Acireductone dioxygenase
ILKHNOCB_00226	CDS	mtnB	4.2.1.109	Methylthioribulose-1-phosphate dehydratase
ILKHNOCB_00227	CDS	hypothetical protein
ILKHNOCB_00228	CDS	hypothetical protein
ILKHNOCB_00229	CDS	hypothetical protein
ILKHNOCB_00230	CDS	hypothetical protein
ILKHNOCB_00231	CDS	hypothetical protein
ILKHNOCB_00232	CDS	hypothetical protein
ILKHNOCB_00233	CDS	hypothetical protein
ILKHNOCB_00234	CDS	hypothetical protein
ILKHNOCB_00235	CDS	hypothetical protein
ILKHNOCB_00236	CDS	recF_1	DNA replication and repair protein RecF
ILKHNOCB_00237	CDS	hypothetical protein
ILKHNOCB_00238	CDS	hypothetical protein
ILKHNOCB_00239	CDS	hypothetical protein
ILKHNOCB_00240	CDS	dpnA	2.1.1.72	Modification methylase DpnIIB
ILKHNOCB_00241	CDS	hypothetical protein
ILKHNOCB_00242	CDS	tnpR	Transposon gamma-delta resolvase
ILKHNOCB_00243	CDS	hypothetical protein
ILKHNOCB_00244	CDS	hypothetical protein
ILKHNOCB_00245	CDS	soj	3.6.-.-	Sporulation initiation inhibitor protein Soj
ILKHNOCB_00246	CDS	hypothetical protein
ILKHNOCB_00247	CDS	hypothetical protein
ILKHNOCB_00248	CDS	hypothetical protein
ILKHNOCB_00249	CDS	hypothetical protein
ILKHNOCB_00250	CDS	hypothetical protein
ILKHNOCB_00251	CDS	hypothetical protein
ILKHNOCB_00252	CDS	hypothetical protein
ILKHNOCB_00253	tRNA	tRNA-Ala(cgc)
ILKHNOCB_00254	CDS	dbpA	3.6.4.13	ATP-dependent RNA helicase DbpA
ILKHNOCB_00255	CDS	dnaX	2.7.7.7	DNA polymerase III subunit tau
ILKHNOCB_00256	CDS	purN	2.1.2.2	Phosphoribosylglycinamide formyltransferase
ILKHNOCB_00257	CDS	hypothetical protein
ILKHNOCB_00258	CDS	speG	2.3.1.57	Spermidine N(1)-acetyltransferase
ILKHNOCB_00259	CDS	hypothetical protein
ILKHNOCB_00260	CDS	hypothetical protein
ILKHNOCB_00261	CDS	rtcB	6.5.1.-	RNA-splicing ligase RtcB
ILKHNOCB_00262	CDS	dadD	3.5.4.31	5'-deoxyadenosine deaminase
ILKHNOCB_00263	CDS	hypothetical protein
ILKHNOCB_00264	CDS	argS	6.1.1.19	Arginine--tRNA ligase
ILKHNOCB_00265	CDS	aroA	2.5.1.19	3-phosphoshikimate 1-carboxyvinyltransferase
ILKHNOCB_00266	CDS	thrB_1	2.7.1.39	Homoserine kinase
ILKHNOCB_00267	CDS	aroE	1.1.1.25	Shikimate dehydrogenase (NADP(+))
ILKHNOCB_00268	CDS	aroB	4.2.3.4	3-dehydroquinate synthase
ILKHNOCB_00269	CDS	hypothetical protein
ILKHNOCB_00270	CDS	hypothetical protein
ILKHNOCB_00271	CDS	polB_1	2.7.7.7	DNA polymerase II
ILKHNOCB_00272	CDS	hypothetical protein
ILKHNOCB_00273	CDS	hypothetical protein
ILKHNOCB_00274	CDS	hypothetical protein
ILKHNOCB_00275	CDS	ribZ_1	Riboflavin transporter RibZ
ILKHNOCB_00276	CDS	hypothetical protein
ILKHNOCB_00277	CDS	mqnD	4.1.-.-	1,4-dihydroxy-6-naphtoate synthase
ILKHNOCB_00278	CDS	hypothetical protein
ILKHNOCB_00279	CDS	arcC2	2.7.2.2	Carbamate kinase 2
ILKHNOCB_00280	CDS	hpt	2.4.2.8	Hypoxanthine-guanine phosphoribosyltransferase
ILKHNOCB_00281	CDS	acdA_2	1.3.99.-	Acyl-CoA dehydrogenase
ILKHNOCB_00282	CDS	hypothetical protein
ILKHNOCB_00283	CDS	ansA	3.5.1.1	L-asparaginase 1
ILKHNOCB_00284	CDS	gatB	6.3.5.-	Aspartyl/glutamyl-tRNA(Asn/Gln) amidotransferase subunit B
ILKHNOCB_00285	CDS	ndhC	1.6.5.-	NAD(P)H-quinone oxidoreductase subunit 3
ILKHNOCB_00286	CDS	nqo6	1.6.5.11	NADH-quinone oxidoreductase subunit 6
ILKHNOCB_00287	CDS	ndhJ	1.6.5.-	NAD(P)H-quinone oxidoreductase subunit J
ILKHNOCB_00288	CDS	nqo4	1.6.5.11	NADH-quinone oxidoreductase subunit 4
ILKHNOCB_00289	CDS	nuoH	1.6.5.11	NADH-quinone oxidoreductase subunit H
ILKHNOCB_00290	CDS	ndhI_1	1.6.5.-	NAD(P)H-quinone oxidoreductase subunit I
ILKHNOCB_00291	CDS	hypothetical protein
ILKHNOCB_00292	CDS	hypothetical protein
ILKHNOCB_00293	CDS	nuoK	1.6.5.11	NADH-quinone oxidoreductase subunit K
ILKHNOCB_00294	CDS	nuoL	1.6.5.11	NADH-quinone oxidoreductase subunit L
ILKHNOCB_00295	CDS	ndhD1	1.6.5.-	NAD(P)H-quinone oxidoreductase chain 4 1
ILKHNOCB_00296	CDS	nuoN	1.6.5.11	NADH-quinone oxidoreductase subunit N
ILKHNOCB_00297	CDS	hypothetical protein
ILKHNOCB_00298	CDS	hypothetical protein
ILKHNOCB_00299	CDS	paaF_2	4.2.1.17	2,3-dehydroadipyl-CoA hydratase
ILKHNOCB_00300	CDS	tatC	Sec-independent protein translocase protein TatC
ILKHNOCB_00301	CDS	tatA	Sec-independent protein translocase protein TatA
ILKHNOCB_00302	CDS	hypothetical protein
ILKHNOCB_00303	CDS	ahpF_1	1.6.99.3	NADH dehydrogenase
ILKHNOCB_00304	CDS	hypothetical protein
ILKHNOCB_00305	CDS	prxU	1.11.1.15	Selenocysteine-containing peroxiredoxin PrxU
ILKHNOCB_00306	CDS	ruvB	3.6.4.12	Holliday junction ATP-dependent DNA helicase RuvB
ILKHNOCB_00307	CDS	dnaG	2.7.7.-	DNA primase
ILKHNOCB_00308	CDS	hypothetical protein
ILKHNOCB_00309	CDS	hypothetical protein
ILKHNOCB_00310	CDS	ihfA	Integration host factor subunit alpha
ILKHNOCB_00311	CDS	nth	4.2.99.18	Endonuclease III
ILKHNOCB_00312	CDS	selB_1	Selenocysteine-specific elongation factor
ILKHNOCB_00313	CDS	hypothetical protein
ILKHNOCB_00314	CDS	ydjE	Inner membrane metabolite transport protein YdjE
ILKHNOCB_00315	CDS	leuA	2.3.3.13	2-isopropylmalate synthase
ILKHNOCB_00316	CDS	uctC	2.8.3.19	Acetyl-CoA:oxalate CoA-transferase
ILKHNOCB_00317	CDS	DmdB	4.2.1.85	2,3-dimethylmalate dehydratase small subunit
ILKHNOCB_00318	CDS	hacA	4.2.1.36	Homoaconitase large subunit
ILKHNOCB_00319	CDS	hypothetical protein
ILKHNOCB_00320	CDS	1.13.11.24	Putative quercetin 2,3-dioxygenase
ILKHNOCB_00321	CDS	pgaC	2.4.1.-	Poly-beta-1,6-N-acetyl-D-glucosamine synthase
ILKHNOCB_00322	CDS	tsaD	2.3.1.234	tRNA N6-adenosine threonylcarbamoyltransferase
ILKHNOCB_00323	CDS	3.6.1.9	Non-canonical purine NTP pyrophosphatase
ILKHNOCB_00324	CDS	hypothetical protein
ILKHNOCB_00325	CDS	speE	2.5.1.16	Polyamine aminopropyltransferase
ILKHNOCB_00326	CDS	hypothetical protein
ILKHNOCB_00327	CDS	dprA	DNA processing protein DprA
ILKHNOCB_00328	CDS	yhdN_1	1.1.1.-	General stress protein 69
ILKHNOCB_00329	CDS	hypothetical protein
ILKHNOCB_00330	CDS	menC	4.2.1.113	o-succinylbenzoate synthase
ILKHNOCB_00331	CDS	cpg2	3.4.17.11	Carboxypeptidase G2
ILKHNOCB_00332	CDS	hypothetical protein
ILKHNOCB_00333	CDS	amiD	3.5.1.4	Putative amidase AmiD
ILKHNOCB_00334	CDS	hypothetical protein
ILKHNOCB_00335	CDS	hypothetical protein
ILKHNOCB_00336	CDS	dac	3.4.16.4	D-alanyl-D-alanine carboxypeptidase
ILKHNOCB_00337	CDS	hypothetical protein
ILKHNOCB_00338	CDS	ykfA	3.4.16.-	putative murein peptide carboxypeptidase
ILKHNOCB_00339	CDS	hypothetical protein
ILKHNOCB_00340	CDS	mlhB	3.1.1.83	Monoterpene epsilon-lactone hydrolase
ILKHNOCB_00341	CDS	hypothetical protein
ILKHNOCB_00342	CDS	hypothetical protein
ILKHNOCB_00343	CDS	hypothetical protein
ILKHNOCB_00344	CDS	hypothetical protein
ILKHNOCB_00345	CDS	hypothetical protein
ILKHNOCB_00346	CDS	lysA	4.1.1.20	Diaminopimelate decarboxylase
ILKHNOCB_00347	CDS	hypothetical protein
ILKHNOCB_00348	CDS	ykfC	3.4.-.-	Gamma-D-glutamyl-L-lysine endopeptidase
ILKHNOCB_00349	CDS	hypothetical protein
ILKHNOCB_00350	CDS	cocE	3.1.1.84	Cocaine esterase
ILKHNOCB_00351	CDS	nagZ	3.2.1.52	Beta-hexosaminidase
ILKHNOCB_00352	CDS	5.1.1.-	Hydrophobic dipeptide epimerase
ILKHNOCB_00353	CDS	murQ	4.2.1.126	N-acetylmuramic acid 6-phosphate etherase
ILKHNOCB_00354	CDS	nagA	3.5.1.25	N-acetylglucosamine-6-phosphate deacetylase
ILKHNOCB_00355	CDS	glmS_1	2.6.1.16	Glutamine--fructose-6-phosphate aminotransferase [isomerizing]
ILKHNOCB_00356	CDS	3.4.16.4	D-alanyl-D-alanine carboxypeptidase
ILKHNOCB_00357	CDS	murK	2.7.1.-	N-acetylmuramic acid/N-acetylglucosamine kinase
ILKHNOCB_00358	CDS	1.13.12.4	Lactate 2-monooxygenase
ILKHNOCB_00359	CDS	hypothetical protein
ILKHNOCB_00360	CDS	1.5.5.1	Electron transfer flavoprotein-ubiquinone oxidoreductase
ILKHNOCB_00361	CDS	fixX	Ferredoxin-like protein FixX
ILKHNOCB_00362	CDS	carD_2	1.3.1.108	Caffeyl-CoA reductase-Etf complex subunit CarD
ILKHNOCB_00363	CDS	acrA	Acryloyl-CoA reductase electron transfer subunit beta
ILKHNOCB_00364	CDS	ytrA	HTH-type transcriptional repressor YtrA
ILKHNOCB_00365	CDS	hypothetical protein
ILKHNOCB_00366	CDS	gghA	3.2.1.74	1,4-beta-D-glucan glucohydrolase
ILKHNOCB_00367	CDS	hypothetical protein
ILKHNOCB_00368	CDS	malX	Maltose/maltodextrin-binding protein
ILKHNOCB_00369	CDS	malF	Maltose transport system permease protein MalF
ILKHNOCB_00370	CDS	malG	Maltose transport system permease protein MalG
ILKHNOCB_00371	CDS	sugC_1	3.6.3.-	Trehalose import ATP-binding protein SugC
ILKHNOCB_00372	CDS	3.2.1.54	Cyclomaltodextrinase
ILKHNOCB_00373	CDS	2.4.1.161	Oligosaccharide 4-alpha-D-glucosyltransferase
ILKHNOCB_00374	CDS	hypothetical protein
ILKHNOCB_00375	CDS	hypothetical protein
ILKHNOCB_00376	CDS	hypothetical protein
ILKHNOCB_00377	CDS	hypothetical protein
ILKHNOCB_00378	CDS	hypothetical protein
ILKHNOCB_00379	CDS	hypothetical protein
ILKHNOCB_00380	CDS	hypothetical protein
ILKHNOCB_00381	CDS	hypothetical protein
ILKHNOCB_00382	CDS	cas1	3.1.-.-	CRISPR-associated endonuclease Cas1
ILKHNOCB_00383	CDS	cas2	3.1.-.-	CRISPR-associated endoribonuclease Cas2
ILKHNOCB_00384	CDS	hypothetical protein
repeat_region
ILKHNOCB_00385	CDS	hypothetical protein
ILKHNOCB_00386	CDS	hypothetical protein
ILKHNOCB_00387	CDS	pdxS	4.3.3.6	Pyridoxal 5'-phosphate synthase subunit PdxS
ILKHNOCB_00388	CDS	hypothetical protein
ILKHNOCB_00389	CDS	rnj	3.1.-.-	Ribonuclease J
ILKHNOCB_00390	CDS	hypothetical protein
ILKHNOCB_00391	CDS	fpgS	6.3.2.17	Folylpolyglutamate synthase
ILKHNOCB_00392	CDS	hypothetical protein
ILKHNOCB_00393	CDS	hypothetical protein
ILKHNOCB_00394	CDS	hypothetical protein
ILKHNOCB_00395	CDS	hypothetical protein
ILKHNOCB_00396	CDS	hypothetical protein
ILKHNOCB_00397	CDS	speB	3.5.3.11	Agmatinase
ILKHNOCB_00398	CDS	efp	Elongation factor P
ILKHNOCB_00399	CDS	hypothetical protein
ILKHNOCB_00400	tRNA	tRNA-Pro(cgg)
ILKHNOCB_00401	CDS	3.1.21.4	Type IIS restriction enzyme Eco57I
ILKHNOCB_00402	CDS	hypothetical protein
ILKHNOCB_00403	CDS	mftC	2.-.-.-	Putative mycofactocin radical SAM maturase MftC
ILKHNOCB_00404	CDS	hypothetical protein
ILKHNOCB_00405	CDS	dapb3_2	3.4.14.-	Dipeptidyl aminopeptidase BIII
ILKHNOCB_00406	CDS	bcp_1	1.11.1.15	Putative peroxiredoxin bcp
ILKHNOCB_00407	CDS	hypothetical protein
ILKHNOCB_00408	CDS	gadB	4.1.1.15	Glutamate decarboxylase
ILKHNOCB_00409	CDS	hypothetical protein
ILKHNOCB_00410	CDS	yusO_1	putative HTH-type transcriptional regulator YusO
ILKHNOCB_00411	CDS	ribZ_2	Riboflavin transporter RibZ
ILKHNOCB_00412	CDS	1.-.-.-	NAD(P)H-dependent FMN reductase
ILKHNOCB_00413	CDS	hypothetical protein
ILKHNOCB_00414	CDS	hypothetical protein
ILKHNOCB_00415	CDS	exoA	3.1.11.2	Exodeoxyribonuclease
ILKHNOCB_00416	CDS	hypothetical protein
ILKHNOCB_00417	CDS	albA	1.21.98.-	Antilisterial bacteriocin subtilosin biosynthesis protein AlbA
ILKHNOCB_00418	CDS	hypothetical protein
ILKHNOCB_00419	CDS	hypothetical protein
ILKHNOCB_00420	CDS	hypothetical protein
ILKHNOCB_00421	CDS	hypothetical protein
ILKHNOCB_00422	CDS	hypothetical protein
ILKHNOCB_00423	CDS	hypothetical protein
ILKHNOCB_00424	CDS	tetA_1	Tetracycline resistance protein, class B
ILKHNOCB_00425	CDS	mdtL	Multidrug resistance protein MdtL
ILKHNOCB_00426	CDS	hypothetical protein
ILKHNOCB_00427	CDS	hypothetical protein
ILKHNOCB_00428	CDS	asnS_1	6.1.1.22	Asparagine--tRNA ligase
ILKHNOCB_00429	CDS	asnC_1	Regulatory protein AsnC
ILKHNOCB_00430	CDS	mdtG	Multidrug resistance protein MdtG
ILKHNOCB_00431	CDS	paiB	Protease synthase and sporulation protein PAI 2
ILKHNOCB_00432	CDS	hypothetical protein
ILKHNOCB_00433	CDS	tuf	Elongation factor Tu
ILKHNOCB_00434	CDS	rpsJ	30S ribosomal protein S10
ILKHNOCB_00435	CDS	fusA	Elongation factor G
ILKHNOCB_00436	CDS	cysK_1	2.5.1.47	Cysteine synthase
ILKHNOCB_00437	CDS	hypothetical protein
ILKHNOCB_00438	CDS	hypothetical protein
ILKHNOCB_00439	CDS	hypothetical protein
ILKHNOCB_00440	CDS	sppA	3.4.21.-	Putative signal peptide peptidase SppA
ILKHNOCB_00441	CDS	ynaI	Low conductance mechanosensitive channel YnaI
ILKHNOCB_00442	CDS	hypothetical protein
ILKHNOCB_00443	CDS	hypothetical protein
ILKHNOCB_00444	CDS	hypothetical protein
ILKHNOCB_00445	CDS	hypothetical protein
ILKHNOCB_00446	CDS	putative membrane protein
ILKHNOCB_00447	CDS	tadA	3.5.4.33	tRNA-specific adenosine deaminase
ILKHNOCB_00448	CDS	fbp	3.1.3.11	Fructose-1,6-bisphosphate aldolase/phosphatase
ILKHNOCB_00449	CDS	hypothetical protein
ILKHNOCB_00450	CDS	hypothetical protein
ILKHNOCB_00451	CDS	purQ	6.3.5.3	Phosphoribosylformylglycinamidine synthase subunit PurQ
ILKHNOCB_00452	CDS	phnN	2.7.4.23	Ribose 1,5-bisphosphate phosphokinase PhnN
ILKHNOCB_00453	CDS	korA_1	1.2.7.3	2-oxoglutarate oxidoreductase subunit KorA
ILKHNOCB_00454	CDS	korB_1	1.2.7.3	2-oxoglutarate oxidoreductase subunit KorB
ILKHNOCB_00455	CDS	pyrH	2.7.4.22	Uridylate kinase
ILKHNOCB_00456	CDS	hypothetical protein
ILKHNOCB_00457	CDS	hypothetical protein
ILKHNOCB_00458	CDS	ftsH_1	3.4.24.-	ATP-dependent zinc metalloprotease FtsH
ILKHNOCB_00459	CDS	hypothetical protein
ILKHNOCB_00460	CDS	hypothetical protein
ILKHNOCB_00461	CDS	hypothetical protein
ILKHNOCB_00462	tRNA	tRNA-Glu(ctc)
ILKHNOCB_00463	CDS	hypothetical protein
ILKHNOCB_00464	CDS	mhqR	HTH-type transcriptional regulator MhqR
ILKHNOCB_00465	CDS	ybgC	3.1.2.-	Acyl-CoA thioester hydrolase YbgC
ILKHNOCB_00466	CDS	gph	3.1.3.18	Phosphoglycolate phosphatase
ILKHNOCB_00467	CDS	cysA	3.6.3.25	Sulfate/thiosulfate import ATP-binding protein CysA
ILKHNOCB_00468	CDS	ycjP_1	Inner membrane ABC transporter permease protein YcjP
ILKHNOCB_00469	CDS	hypothetical protein
ILKHNOCB_00470	CDS	fadA_3	2.3.1.16	3-ketoacyl-CoA thiolase
ILKHNOCB_00471	CDS	hypothetical protein
ILKHNOCB_00472	CDS	thyX	2.1.1.148	Thymidylate synthase ThyX
ILKHNOCB_00473	CDS	groL_1	60 kDa chaperonin
ILKHNOCB_00474	CDS	sucC	6.2.1.4	Succinate--CoA ligase [GDP-forming] subunit beta
ILKHNOCB_00475	CDS	sucD	6.2.1.5	Succinate--CoA ligase [ADP-forming] subunit alpha
ILKHNOCB_00476	CDS	argF	2.1.3.3	Ornithine carbamoyltransferase
ILKHNOCB_00477	CDS	hypothetical protein
ILKHNOCB_00478	CDS	hypothetical protein
ILKHNOCB_00479	CDS	prmA	2.1.1.-	Ribosomal protein L11 methyltransferase
ILKHNOCB_00480	CDS	hypothetical protein
ILKHNOCB_00481	CDS	hypothetical protein
ILKHNOCB_00482	CDS	hypothetical protein
ILKHNOCB_00483	CDS	hypothetical protein
ILKHNOCB_00484	tRNA	tRNA-Arg(tcg)
ILKHNOCB_00485	CDS	ycgJ_2	2.1.1.-	putative methyltransferase YcgJ
ILKHNOCB_00486	CDS	moeZ	putative adenylyltransferase/sulfurtransferase MoeZ
ILKHNOCB_00487	CDS	yagE	4.1.2.-	putative 2-keto-3-deoxy-galactonate aldolase YagE
ILKHNOCB_00488	CDS	Putative ribosomal protein L7Ae-like protein
ILKHNOCB_00489	CDS	hypothetical protein
ILKHNOCB_00490	CDS	hypothetical protein
ILKHNOCB_00491	CDS	ndk	2.7.4.6	Nucleoside diphosphate kinase
ILKHNOCB_00492	CDS	infB	Translation initiation factor IF-2
ILKHNOCB_00493	CDS	hypothetical protein
ILKHNOCB_00494	CDS	speH	4.1.1.50	S-adenosylmethionine decarboxylase proenzyme
ILKHNOCB_00495	CDS	hypothetical protein
ILKHNOCB_00496	CDS	pckG	4.1.1.32	Phosphoenolpyruvate carboxykinase [GTP]
ILKHNOCB_00497	CDS	lipB_1	2.3.1.181	Octanoyltransferase
ILKHNOCB_00498	CDS	putC	1.2.1.88	1-pyrroline-5-carboxylate dehydrogenase 2
ILKHNOCB_00499	CDS	hypothetical protein
ILKHNOCB_00500	CDS	ydaD	1.-.-.-	General stress protein 39
ILKHNOCB_00501	CDS	truA	5.4.99.12	tRNA pseudouridine synthase A
ILKHNOCB_00502	CDS	hypothetical protein
ILKHNOCB_00503	CDS	fabG_1	1.1.1.100	3-oxoacyl-[acyl-carrier-protein] reductase FabG
ILKHNOCB_00504	CDS	ileS_1	6.1.1.5	Isoleucine--tRNA ligase
ILKHNOCB_00505	CDS	pdaD	4.1.1.19	Pyruvoyl-dependent arginine decarboxylase
ILKHNOCB_00506	CDS	hypothetical protein
ILKHNOCB_00507	CDS	pqqE	Coenzyme PQQ synthesis protein E
ILKHNOCB_00508	CDS	nikR	Putative nickel-responsive regulator
ILKHNOCB_00509	CDS	pheT	6.1.1.20	Phenylalanine--tRNA ligase beta subunit
ILKHNOCB_00510	CDS	hypothetical protein
ILKHNOCB_00511	CDS	hypothetical protein
ILKHNOCB_00512	CDS	hypothetical protein
ILKHNOCB_00513	CDS	hypothetical protein
ILKHNOCB_00514	CDS	hypothetical protein
ILKHNOCB_00515	CDS	cysE	2.3.1.30	Serine acetyltransferase
ILKHNOCB_00516	CDS	bepA_1	3.4.-.-	Beta-barrel assembly-enhancing protease
ILKHNOCB_00517	CDS	hypothetical protein
ILKHNOCB_00518	CDS	hypothetical protein
ILKHNOCB_00519	CDS	hypothetical protein
ILKHNOCB_00520	CDS	coxM	1.9.3.1	Alternative cytochrome c oxidase subunit 2
ILKHNOCB_00521	CDS	qoxB	1.10.3.-	Quinol oxidase subunit 1
ILKHNOCB_00522	CDS	hypothetical protein
ILKHNOCB_00523	CDS	ctaB	2.5.1.-	Protoheme IX farnesyltransferase
ILKHNOCB_00524	CDS	hypothetical protein
ILKHNOCB_00525	CDS	hypothetical protein
ILKHNOCB_00526	CDS	hypothetical protein
ILKHNOCB_00527	CDS	hypothetical protein
ILKHNOCB_00528	CDS	hypothetical protein
ILKHNOCB_00529	CDS	Vejahgd	1.2.1.92	3,6-anhydro-alpha-L-galactose dehydrogenase
ILKHNOCB_00530	CDS	hypothetical protein
ILKHNOCB_00531	CDS	hypothetical protein
ILKHNOCB_00532	CDS	yicI_1	3.2.1.177	Alpha-xylosidase
ILKHNOCB_00533	CDS	hypothetical protein
ILKHNOCB_00534	CDS	hypothetical protein
ILKHNOCB_00535	CDS	hypothetical protein
ILKHNOCB_00536	CDS	hypothetical protein
ILKHNOCB_00537	CDS	hypothetical protein
ILKHNOCB_00538	CDS	hypothetical protein
ILKHNOCB_00539	CDS	hypothetical protein
ILKHNOCB_00540	CDS	mobA	2.7.7.77	Molybdenum cofactor guanylyltransferase
ILKHNOCB_00541	CDS	lppC	Putative lipoprotein LppC
ILKHNOCB_00542	CDS	hypothetical protein
ILKHNOCB_00543	CDS	eno	4.2.1.11	Enolase
ILKHNOCB_00544	CDS	caiE	Carnitine operon protein CaiE
ILKHNOCB_00545	CDS	iolC	2.7.1.92	5-dehydro-2-deoxygluconokinase
ILKHNOCB_00546	CDS	hypothetical protein
ILKHNOCB_00547	CDS	lon2	3.4.21.53	Lon protease 2
ILKHNOCB_00548	CDS	hypothetical protein
ILKHNOCB_00549	CDS	hypothetical protein
ILKHNOCB_00550	CDS	hypothetical protein
ILKHNOCB_00551	CDS	ravA_1	3.6.3.-	ATPase RavA
ILKHNOCB_00552	CDS	hypothetical protein
ILKHNOCB_00553	CDS	hypothetical protein
ILKHNOCB_00554	CDS	hypothetical protein
ILKHNOCB_00555	CDS	hypothetical protein
ILKHNOCB_00556	CDS	hypothetical protein
ILKHNOCB_00557	CDS	hypothetical protein
ILKHNOCB_00558	CDS	hypothetical protein
ILKHNOCB_00559	CDS	cshA	3.6.4.13	DEAD-box ATP-dependent RNA helicase CshA
ILKHNOCB_00560	CDS	hypothetical protein
ILKHNOCB_00561	CDS	hypothetical protein
ILKHNOCB_00562	CDS	hypothetical protein
ILKHNOCB_00563	CDS	hypothetical protein
ILKHNOCB_00564	CDS	hypothetical protein
ILKHNOCB_00565	CDS	hypothetical protein
ILKHNOCB_00566	CDS	hypothetical protein
ILKHNOCB_00567	CDS	rnr	3.1.13.1	Ribonuclease R
ILKHNOCB_00568	CDS	hypothetical protein
ILKHNOCB_00569	tRNA	tRNA-Asp(gtc)
ILKHNOCB_00570	CDS	hypothetical protein
ILKHNOCB_00571	CDS	thiI	2.8.1.4	tRNA sulfurtransferase
ILKHNOCB_00572	CDS	hypothetical protein
ILKHNOCB_00573	CDS	hypothetical protein
ILKHNOCB_00574	CDS	hypothetical protein
ILKHNOCB_00575	CDS	mshA	2.4.1.250	D-inositol-3-phosphate glycosyltransferase
ILKHNOCB_00576	CDS	hypothetical protein
ILKHNOCB_00577	CDS	natA_2	ABC transporter ATP-binding protein NatA
ILKHNOCB_00578	CDS	hypothetical protein
ILKHNOCB_00579	CDS	hpnR_2	2.1.1.-	Hopanoid C-3 methylase
ILKHNOCB_00580	CDS	hypothetical protein
ILKHNOCB_00581	tRNA	tRNA-Met(cat)
ILKHNOCB_00582	CDS	hypothetical protein
ILKHNOCB_00583	tRNA	tRNA-Asn(gtt)
ILKHNOCB_00584	CDS	rny	3.1.-.-	Ribonuclease Y
ILKHNOCB_00585	CDS	hypothetical protein
ILKHNOCB_00586	CDS	msrA2	1.8.4.11	Peptide methionine sulfoxide reductase MsrA 2
ILKHNOCB_00587	CDS	msrB	1.8.4.12	Peptide methionine sulfoxide reductase MsrB
ILKHNOCB_00588	CDS	hypothetical protein
ILKHNOCB_00589	CDS	xylE	D-xylose-proton symporter
ILKHNOCB_00590	CDS	catD	3.1.1.24	3-oxoadipate enol-lactonase 2
ILKHNOCB_00591	CDS	lcfB	6.2.1.3	Long-chain-fatty-acid--CoA ligase
ILKHNOCB_00592	CDS	fabH	2.3.1.180	3-oxoacyl-[acyl-carrier-protein] synthase 3
ILKHNOCB_00593	CDS	fadR	Fatty acid metabolism regulator protein
ILKHNOCB_00594	CDS	fabG_2	1.1.1.100	3-oxoacyl-[acyl-carrier-protein] reductase FabG
ILKHNOCB_00595	CDS	hypothetical protein
ILKHNOCB_00596	tRNA	tRNA-Gly(ccc)
ILKHNOCB_00597	CDS	hypothetical protein
ILKHNOCB_00598	CDS	gdhA	1.4.1.3	Glutamate dehydrogenase
ILKHNOCB_00599	CDS	yabJ	3.5.99.10	2-iminobutanoate/2-iminopropanoate deaminase
ILKHNOCB_00600	CDS	naiP_1	Putative niacin/nicotinamide transporter NaiP
ILKHNOCB_00601	CDS	hypothetical protein
ILKHNOCB_00602	CDS	3.2.1.28	Trehalase
ILKHNOCB_00603	CDS	hypothetical protein
ILKHNOCB_00604	CDS	hypothetical protein
ILKHNOCB_00605	CDS	lrp	Leucine-responsive regulatory protein
ILKHNOCB_00606	CDS	rpiA	5.3.1.6	Ribose-5-phosphate isomerase A
ILKHNOCB_00607	CDS	3.1.2.-	putative acyl-CoA thioester hydrolase
ILKHNOCB_00608	CDS	hypothetical protein
ILKHNOCB_00609	CDS	hypothetical protein
ILKHNOCB_00610	CDS	hypothetical protein
ILKHNOCB_00611	CDS	hypothetical protein
ILKHNOCB_00612	CDS	hypothetical protein
ILKHNOCB_00613	CDS	3.6.1.15	Nucleoside-triphosphatase THEP1
ILKHNOCB_00614	CDS	trm1	2.1.1.215	tRNA (guanine(26)-N(2)/guanine(27)-N(2))-dimethyltransferase
ILKHNOCB_00615	CDS	cyoE	2.5.1.-	Protoheme IX farnesyltransferase
ILKHNOCB_00616	CDS	2.5.1.41	Geranylgeranylglyceryl phosphate synthase
ILKHNOCB_00617	CDS	purS	6.3.5.3	Phosphoribosylformylglycinamidine synthase subunit PurS
ILKHNOCB_00618	CDS	purL	6.3.5.3	Phosphoribosylformylglycinamidine synthase subunit PurL
ILKHNOCB_00619	CDS	hypothetical protein
ILKHNOCB_00620	CDS	hypothetical protein
ILKHNOCB_00621	CDS	hypothetical protein
ILKHNOCB_00622	CDS	hypothetical protein
ILKHNOCB_00623	CDS	ileS_2	6.1.1.5	Isoleucine--tRNA ligase
ILKHNOCB_00624	CDS	thiL	2.7.4.16	Thiamine-monophosphate kinase
ILKHNOCB_00625	CDS	hypothetical protein
ILKHNOCB_00626	CDS	hypothetical protein
ILKHNOCB_00627	CDS	hycD	Formate hydrogenlyase subunit 4
ILKHNOCB_00628	CDS	hypothetical protein
ILKHNOCB_00629	CDS	hyfB_1	1.-.-.-	Hydrogenase-4 component B
ILKHNOCB_00630	CDS	hycE	Formate hydrogenlyase subunit 5
ILKHNOCB_00631	CDS	nuoB	1.6.5.11	NADH-quinone oxidoreductase subunit B
ILKHNOCB_00632	CDS	hyfB_2	1.-.-.-	Hydrogenase-4 component B
ILKHNOCB_00633	CDS	Universal stress protein/MSMEI_3859
ILKHNOCB_00634	CDS	dnaJ_1	Chaperone protein DnaJ
ILKHNOCB_00635	CDS	dnaK	Chaperone protein DnaK
ILKHNOCB_00636	CDS	grpE	Protein GrpE
ILKHNOCB_00637	CDS	dnaJ_2	Chaperone protein DnaJ
ILKHNOCB_00638	CDS	hypothetical protein
ILKHNOCB_00639	CDS	glpE	2.8.1.1	Thiosulfate sulfurtransferase GlpE
ILKHNOCB_00640	CDS	ftsH4	3.4.24.-	ATP-dependent zinc metalloprotease FtsH 4
ILKHNOCB_00641	CDS	hypothetical protein
ILKHNOCB_00642	CDS	hypothetical protein
ILKHNOCB_00643	CDS	hypothetical protein
ILKHNOCB_00644	CDS	hypothetical protein
ILKHNOCB_00645	CDS	hypothetical protein
ILKHNOCB_00646	CDS	hypothetical protein
ILKHNOCB_00647	CDS	hypothetical protein
ILKHNOCB_00648	CDS	ribZ_3	Riboflavin transporter RibZ
ILKHNOCB_00649	CDS	hypothetical protein
ILKHNOCB_00650	CDS	pspB_1	3.1.3.3	Putative phosphoserine phosphatase 2
ILKHNOCB_00651	CDS	cdr	1.8.1.14	Coenzyme A disulfide reductase
ILKHNOCB_00652	CDS	bphD	3.7.1.8	2-hydroxy-6-oxo-6-phenylhexa-2,4-dienoate hydrolase
ILKHNOCB_00653	CDS	hypothetical protein
ILKHNOCB_00654	CDS	hypothetical protein
ILKHNOCB_00655	CDS	hypothetical protein
ILKHNOCB_00656	CDS	cysS	6.1.1.16	Cysteine--tRNA ligase
ILKHNOCB_00657	CDS	pncA	3.5.1.19	Nicotinamidase
ILKHNOCB_00658	CDS	pncB2	6.3.4.21	Nicotinate phosphoribosyltransferase pncB2
ILKHNOCB_00659	CDS	ppiB	5.2.1.8	putative peptidyl-prolyl cis-trans isomerase
ILKHNOCB_00660	CDS	hmoB	1.14.14.18	Heme-degrading monooxygenase HmoB
ILKHNOCB_00661	CDS	purC	6.3.2.6	Phosphoribosylaminoimidazole-succinocarboxamide synthase
ILKHNOCB_00662	CDS	hypothetical protein
ILKHNOCB_00663	CDS	hypothetical protein
ILKHNOCB_00664	CDS	hrp1	Hypoxic response protein 1
ILKHNOCB_00665	CDS	prcB	3.4.25.1	Proteasome subunit beta
ILKHNOCB_00666	CDS	3.1.-.-	Ribonuclease
ILKHNOCB_00667	CDS	hypothetical protein
ILKHNOCB_00668	CDS	hypothetical protein
ILKHNOCB_00669	CDS	arnC	2.4.2.53	Undecaprenyl-phosphate 4-deoxy-4-formamido-L-arabinose transferase
ILKHNOCB_00670	CDS	hypothetical protein
ILKHNOCB_00671	CDS	gumH	2.4.1.252	GDP-mannose:cellobiosyl-diphosphopolyprenol alpha-mannosyltransferase
ILKHNOCB_00672	CDS	galE_1	5.1.3.2	UDP-glucose 4-epimerase
ILKHNOCB_00673	CDS	hypothetical protein
ILKHNOCB_00674	CDS	hypothetical protein
ILKHNOCB_00675	CDS	hypothetical protein
ILKHNOCB_00676	CDS	ppm1	2.4.1.-	Polyprenol monophosphomannose synthase
ILKHNOCB_00677	CDS	hypothetical protein
ILKHNOCB_00678	CDS	hypothetical protein
ILKHNOCB_00679	CDS	1.-.-.-	putative oxidoreductase
ILKHNOCB_00680	CDS	hypothetical protein
ILKHNOCB_00681	CDS	btuF_1	Vitamin B12-binding protein
ILKHNOCB_00682	CDS	putative ABC transporter permease protein
ILKHNOCB_00683	CDS	fhuC	3.6.3.34	Iron(3+)-hydroxamate import ATP-binding protein FhuC
ILKHNOCB_00684	CDS	rnmV	3.1.26.8	Ribonuclease M5
ILKHNOCB_00685	CDS	crhR	3.6.4.13	RNA helicase CrhR
ILKHNOCB_00686	CDS	2.7.1.165	D-glycerate 2-kinase
ILKHNOCB_00687	CDS	trmI	2.1.1.220	tRNA (adenine(58)-N(1))-methyltransferase TrmI
ILKHNOCB_00688	CDS	pyrB	2.1.3.2	Aspartate carbamoyltransferase catalytic subunit
ILKHNOCB_00689	CDS	pyrI	Aspartate carbamoyltransferase regulatory chain
ILKHNOCB_00690	CDS	hypothetical protein
ILKHNOCB_00691	CDS	hypothetical protein
ILKHNOCB_00692	CDS	hypothetical protein
ILKHNOCB_00693	CDS	gloB_1	3.1.2.6	Hydroxyacylglutathione hydrolase
ILKHNOCB_00694	CDS	hypothetical protein
ILKHNOCB_00695	CDS	hypothetical protein
ILKHNOCB_00696	CDS	hypothetical protein
ILKHNOCB_00697	CDS	hypothetical protein
ILKHNOCB_00698	tRNA	tRNA-Thr(ggt)
ILKHNOCB_00699	CDS	hypothetical protein
ILKHNOCB_00700	CDS	hypothetical protein
ILKHNOCB_00701	CDS	hypothetical protein
ILKHNOCB_00702	CDS	exuT	Hexuronate transporter
ILKHNOCB_00703	CDS	fadD	6.2.1.3	Long-chain-fatty-acid--CoA ligase
ILKHNOCB_00704	tRNA	tRNA-Ser(gct)
ILKHNOCB_00705	CDS	hypothetical protein
ILKHNOCB_00706	CDS	hypothetical protein
ILKHNOCB_00707	CDS	mvaA	1.1.1.88	3-hydroxy-3-methylglutaryl-coenzyme A reductase
ILKHNOCB_00708	CDS	hypothetical protein
ILKHNOCB_00709	CDS	hypothetical protein
ILKHNOCB_00710	CDS	hypothetical protein
ILKHNOCB_00711	CDS	hypothetical protein
ILKHNOCB_00712	CDS	glnS	6.1.1.18	Glutamine--tRNA ligase
ILKHNOCB_00713	CDS	era	GTPase Era
ILKHNOCB_00714	CDS	hypothetical protein
ILKHNOCB_00715	CDS	cobS	2.7.8.26	Adenosylcobinamide-GDP ribazoletransferase
ILKHNOCB_00716	CDS	cobD_1	4.1.1.81	Threonine-phosphate decarboxylase
ILKHNOCB_00717	CDS	cobQ	Cobyric acid synthase
ILKHNOCB_00718	CDS	cobD_2	Cobalamin biosynthesis protein CobD
ILKHNOCB_00719	CDS	hypothetical protein
ILKHNOCB_00720	CDS	hypothetical protein
ILKHNOCB_00721	CDS	rimI_1	2.3.1.128	Ribosomal-protein-alanine acetyltransferase
ILKHNOCB_00722	CDS	ribBA	Riboflavin biosynthesis protein RibBA
ILKHNOCB_00723	CDS	tarD	2.7.7.39	Glycerol-3-phosphate cytidylyltransferase
ILKHNOCB_00724	CDS	hypothetical protein
ILKHNOCB_00725	CDS	ribH	2.5.1.78	6,7-dimethyl-8-ribityllumazine synthase
ILKHNOCB_00726	CDS	hypothetical protein
ILKHNOCB_00727	CDS	folE2	3.5.4.16	GTP cyclohydrolase FolE2
ILKHNOCB_00728	CDS	hypothetical protein
ILKHNOCB_00729	tRNA	tRNA-Arg(tct)
ILKHNOCB_00730	CDS	hypothetical protein
ILKHNOCB_00731	CDS	dppB_2	Dipeptide transport system permease protein DppB
ILKHNOCB_00732	CDS	ddpC_2	putative D,D-dipeptide transport system permease protein DdpC
ILKHNOCB_00733	CDS	oppD_2	Oligopeptide transport ATP-binding protein OppD
ILKHNOCB_00734	CDS	ddpF	putative D,D-dipeptide transport ATP-binding protein DdpF
ILKHNOCB_00735	CDS	hypothetical protein
ILKHNOCB_00736	CDS	ddpA	putative D,D-dipeptide-binding periplasmic protein DdpA
ILKHNOCB_00737	CDS	C1-hpah	1.5.1.36	p-hydroxyphenylacetate 3-hydroxylase, reductase component
ILKHNOCB_00738	CDS	dnaJ_3	Chaperone protein DnaJ
ILKHNOCB_00739	CDS	carA_1	2.8.3.23	Caffeate CoA-transferase
ILKHNOCB_00740	CDS	hypothetical protein
ILKHNOCB_00741	CDS	yxlF_1	3.6.3.-	putative ABC transporter ATP-binding protein YxlF
ILKHNOCB_00742	CDS	hypothetical protein
ILKHNOCB_00743	CDS	hypothetical protein
ILKHNOCB_00744	tRNA	tRNA-Arg(gcg)
ILKHNOCB_00745	CDS	hypothetical protein
ILKHNOCB_00746	CDS	hypothetical protein
ILKHNOCB_00747	CDS	hypothetical protein
ILKHNOCB_00748	CDS	hypothetical protein
ILKHNOCB_00749	CDS	recF_2	DNA replication and repair protein RecF
ILKHNOCB_00750	CDS	ribZ_4	Riboflavin transporter RibZ
ILKHNOCB_00751	CDS	genK	Gentisate transporter
ILKHNOCB_00752	CDS	fhs	6.3.4.3	Formate--tetrahydrofolate ligase
ILKHNOCB_00753	CDS	1.-.-.-	putative oxidoreductase
ILKHNOCB_00754	CDS	hypothetical protein
ILKHNOCB_00755	CDS	bepA_2	3.4.-.-	Beta-barrel assembly-enhancing protease
ILKHNOCB_00756	CDS	hypothetical protein
ILKHNOCB_00757	CDS	hypothetical protein
ILKHNOCB_00758	CDS	hypothetical protein
ILKHNOCB_00759	CDS	rmlC	5.1.3.13	dTDP-4-dehydrorhamnose 3,5-epimerase
ILKHNOCB_00760	CDS	rmlB	4.2.1.46	dTDP-glucose 4,6-dehydratase
ILKHNOCB_00761	CDS	hypothetical protein
ILKHNOCB_00762	CDS	hypothetical protein
ILKHNOCB_00763	CDS	hypothetical protein
ILKHNOCB_00764	CDS	hypothetical protein
ILKHNOCB_00765	CDS	hypothetical protein
ILKHNOCB_00766	CDS	hypothetical protein
ILKHNOCB_00767	CDS	hypothetical protein
ILKHNOCB_00768	CDS	hypothetical protein
ILKHNOCB_00769	CDS	hypothetical protein
ILKHNOCB_00770	CDS	hypothetical protein
ILKHNOCB_00771	CDS	hypothetical protein
ILKHNOCB_00772	CDS	yqjI_2	Transcriptional regulator YqjI
ILKHNOCB_00773	CDS	hypothetical protein
ILKHNOCB_00774	CDS	hypothetical protein
ILKHNOCB_00775	CDS	hypothetical protein
ILKHNOCB_00776	CDS	hypothetical protein
ILKHNOCB_00777	CDS	hypothetical protein
ILKHNOCB_00778	CDS	hypothetical protein
ILKHNOCB_00779	CDS	hypothetical protein
ILKHNOCB_00780	CDS	pspB_2	3.1.3.3	Putative phosphoserine phosphatase 2
ILKHNOCB_00781	CDS	hypothetical protein
ILKHNOCB_00782	CDS	hypothetical protein
ILKHNOCB_00783	CDS	hypothetical protein
ILKHNOCB_00784	CDS	hypothetical protein
ILKHNOCB_00785	CDS	hypothetical protein
ILKHNOCB_00786	CDS	hypothetical protein
ILKHNOCB_00787	CDS	hypothetical protein
ILKHNOCB_00788	CDS	hypothetical protein
ILKHNOCB_00789	CDS	icaA	2.4.1.-	Poly-beta-1,6-N-acetyl-D-glucosamine synthase
ILKHNOCB_00790	CDS	hypothetical protein
ILKHNOCB_00791	CDS	hypothetical protein
ILKHNOCB_00792	CDS	wbgU	5.1.3.7	UDP-N-acetylglucosamine 4-epimerase
ILKHNOCB_00793	CDS	hypothetical protein
ILKHNOCB_00794	CDS	hypothetical protein
ILKHNOCB_00795	CDS	hypothetical protein
ILKHNOCB_00796	CDS	hypothetical protein
ILKHNOCB_00797	CDS	hypothetical protein
ILKHNOCB_00798	CDS	hypothetical protein
ILKHNOCB_00799	CDS	hypothetical protein
ILKHNOCB_00800	CDS	hypothetical protein
ILKHNOCB_00801	CDS	hypothetical protein
ILKHNOCB_00802	CDS	znuC	3.6.3.-	Zinc import ATP-binding protein ZnuC
ILKHNOCB_00803	CDS	hypothetical protein
ILKHNOCB_00804	CDS	hypothetical protein
ILKHNOCB_00805	CDS	hypothetical protein
ILKHNOCB_00806	CDS	hypothetical protein
ILKHNOCB_00807	CDS	hypothetical protein
ILKHNOCB_00808	CDS	hypothetical protein
ILKHNOCB_00809	CDS	hypothetical protein
ILKHNOCB_00810	CDS	hypothetical protein
ILKHNOCB_00811	CDS	hypothetical protein
ILKHNOCB_00812	CDS	hypothetical protein
ILKHNOCB_00813	CDS	hypothetical protein
ILKHNOCB_00814	CDS	mntH	Divalent metal cation transporter MntH
ILKHNOCB_00815	CDS	hypothetical protein
ILKHNOCB_00816	CDS	hypothetical protein
ILKHNOCB_00817	CDS	hypothetical protein
ILKHNOCB_00818	CDS	hypothetical protein
ILKHNOCB_00819	CDS	hypothetical protein
ILKHNOCB_00820	CDS	hypothetical protein
ILKHNOCB_00821	CDS	hypothetical protein
ILKHNOCB_00822	CDS	1.1.1.81	Hydroxypyruvate reductase
ILKHNOCB_00823	CDS	1.12.-.-	Soluble hydrogenase 42 kDa subunit
ILKHNOCB_00824	CDS	hypothetical protein
ILKHNOCB_00825	CDS	ogt	2.1.1.63	Methylated-DNA--protein-cysteine methyltransferase
ILKHNOCB_00826	CDS	thpR	3.1.4.-	RNA 2',3'-cyclic phosphodiesterase
ILKHNOCB_00827	CDS	qacA	Antiseptic resistance protein
ILKHNOCB_00828	CDS	hypothetical protein
ILKHNOCB_00829	CDS	hypothetical protein
ILKHNOCB_00830	CDS	2.1.1.-	Putative O-methyltransferase/MSMEI_4947
ILKHNOCB_00831	CDS	yusO_2	putative HTH-type transcriptional regulator YusO
ILKHNOCB_00832	CDS	hypothetical protein
ILKHNOCB_00833	CDS	bmr3	Multidrug resistance protein 3
ILKHNOCB_00834	CDS	hypothetical protein
ILKHNOCB_00835	CDS	copA	3.6.3.54	putative copper-importing P-type ATPase A
ILKHNOCB_00836	CDS	hypothetical protein
ILKHNOCB_00837	CDS	hypothetical protein
ILKHNOCB_00838	CDS	guaB_1	1.1.1.205	Inosine-5'-monophosphate dehydrogenase
ILKHNOCB_00839	CDS	hypothetical protein
ILKHNOCB_00840	CDS	bglA_1	3.2.1.21	Beta-glucosidase A
ILKHNOCB_00841	CDS	hypothetical protein
ILKHNOCB_00842	CDS	oppD_3	Oligopeptide transport ATP-binding protein OppD
ILKHNOCB_00843	CDS	oppF_1	Oligopeptide transport ATP-binding protein OppF
ILKHNOCB_00844	CDS	dppC_1	Dipeptide transport system permease protein DppC
ILKHNOCB_00845	CDS	nikB_1	Nickel transport system permease protein NikB
ILKHNOCB_00846	CDS	nikA_1	Nickel-binding periplasmic protein
ILKHNOCB_00847	CDS	PE-PGRS family protein PE_PGRS18
ILKHNOCB_00848	CDS	ftsH_2	3.4.24.-	ATP-dependent zinc metalloprotease FtsH
ILKHNOCB_00849	CDS	hypothetical protein
ILKHNOCB_00850	CDS	hypothetical protein
ILKHNOCB_00851	CDS	ftsH2	3.4.24.-	ATP-dependent zinc metalloprotease FtsH 2
ILKHNOCB_00852	CDS	hypothetical protein
ILKHNOCB_00853	CDS	hypothetical protein
ILKHNOCB_00854	CDS	hypothetical protein
ILKHNOCB_00855	CDS	hypothetical protein
ILKHNOCB_00856	CDS	3.6.-.-	putative GTPase
ILKHNOCB_00857	CDS	scpA	5.4.99.2	Methylmalonyl-CoA mutase
ILKHNOCB_00858	CDS	mutB	5.4.99.2	putative methylmalonyl-CoA mutase large subunit
ILKHNOCB_00859	CDS	hypothetical protein
ILKHNOCB_00860	CDS	tuaC	2.4.-.-	Putative teichuronic acid biosynthesis glycosyltransferase TuaC
ILKHNOCB_00861	CDS	hypothetical protein
ILKHNOCB_00862	CDS	hypothetical protein
ILKHNOCB_00863	tRNA	tRNA-Cys(gca)
ILKHNOCB_00864	CDS	adhC	1.1.1.2	NADP-dependent alcohol dehydrogenase C
ILKHNOCB_00865	CDS	hypothetical protein
ILKHNOCB_00866	CDS	hypothetical protein
ILKHNOCB_00867	tRNA	tRNA-Arg(ccg)
ILKHNOCB_00868	CDS	natA_3	ABC transporter ATP-binding protein NatA
ILKHNOCB_00869	CDS	hypothetical protein
ILKHNOCB_00870	CDS	rbr	Rubrerythrin
ILKHNOCB_00871	CDS	hypothetical protein
ILKHNOCB_00872	CDS	pcp_1	3.4.21.100	Pseudomonalisin
ILKHNOCB_00873	tRNA	tRNA-Leu(cag)
ILKHNOCB_00874	CDS	ydfJ_1	Membrane protein YdfJ
ILKHNOCB_00875	CDS	bcp_2	1.11.1.15	Putative peroxiredoxin
ILKHNOCB_00876	CDS	hypothetical protein
ILKHNOCB_00877	CDS	hypothetical protein
ILKHNOCB_00878	CDS	hypothetical protein
ILKHNOCB_00879	CDS	purB	4.3.2.2	Adenylosuccinate lyase
ILKHNOCB_00880	CDS	hypothetical protein
ILKHNOCB_00881	CDS	hypothetical protein
ILKHNOCB_00882	CDS	hypothetical protein
ILKHNOCB_00883	tRNA	tRNA-Leu(caa)
ILKHNOCB_00884	CDS	hypothetical protein
ILKHNOCB_00885	CDS	hypothetical protein
ILKHNOCB_00886	CDS	hypothetical protein
ILKHNOCB_00887	CDS	hypothetical protein
ILKHNOCB_00888	CDS	hypothetical protein
ILKHNOCB_00889	CDS	hypothetical protein
ILKHNOCB_00890	CDS	hypothetical protein
ILKHNOCB_00891	CDS	guaA_1	6.3.5.2	GMP synthase [glutamine-hydrolyzing]
ILKHNOCB_00892	CDS	hypothetical protein
ILKHNOCB_00893	CDS	clcA	H(+)/Cl(-) exchange transporter ClcA
ILKHNOCB_00894	CDS	hypothetical protein
ILKHNOCB_00895	CDS	hypothetical protein
ILKHNOCB_00896	CDS	afr	1.1.1.292	1,5-anhydro-D-fructose reductase
ILKHNOCB_00897	CDS	hypothetical protein
ILKHNOCB_00898	CDS	trxA	Thioredoxin 1
ILKHNOCB_00899	CDS	trxB	1.8.1.9	Thioredoxin reductase
ILKHNOCB_00900	CDS	hypothetical protein
ILKHNOCB_00901	CDS	bepA_3	3.4.-.-	Beta-barrel assembly-enhancing protease
ILKHNOCB_00902	CDS	cysM	2.5.1.47	Cysteine synthase B
ILKHNOCB_00903	CDS	crt	4.2.1.150	Short-chain-enoyl-CoA hydratase
ILKHNOCB_00904	CDS	hbd_1	1.1.1.157	3-hydroxybutyryl-CoA dehydrogenase
ILKHNOCB_00905	CDS	thlA	2.3.1.9	Acetyl-CoA acetyltransferase
ILKHNOCB_00906	CDS	sseB	2.8.1.1	Putative thiosulfate sulfurtransferase SseB
ILKHNOCB_00907	CDS	hypothetical protein
ILKHNOCB_00908	CDS	yhdG_1	putative amino acid permease YhdG
ILKHNOCB_00909	CDS	3.2.1.28	Trehalase
ILKHNOCB_00910	CDS	hypothetical protein
ILKHNOCB_00911	CDS	hypothetical protein
ILKHNOCB_00912	CDS	sugC_2	3.6.3.-	Trehalose import ATP-binding protein SugC
ILKHNOCB_00913	CDS	ycjP_2	Inner membrane ABC transporter permease protein YcjP
ILKHNOCB_00914	CDS	araP	L-arabinose transport system permease protein AraP
ILKHNOCB_00915	CDS	yveA_1	Aspartate-proton symporter
ILKHNOCB_00916	CDS	6.2.1.3	Long-chain-fatty-acid--CoA ligase
ILKHNOCB_00917	CDS	ftsZ_2	Cell division protein FtsZ
ILKHNOCB_00918	CDS	tktA	2.2.1.1	Transketolase 1
ILKHNOCB_00919	CDS	dxs	2.2.1.7	1-deoxy-D-xylulose-5-phosphate synthase
ILKHNOCB_00920	CDS	tal	2.2.1.2	Transaldolase
ILKHNOCB_00921	CDS	hypothetical protein
ILKHNOCB_00922	CDS	hypothetical protein
ILKHNOCB_00923	CDS	1.1.1.38	NAD-dependent malic enzyme
ILKHNOCB_00924	CDS	hypothetical protein
ILKHNOCB_00925	CDS	hypothetical protein
ILKHNOCB_00926	CDS	hypothetical protein
ILKHNOCB_00927	CDS	hypothetical protein
ILKHNOCB_00928	CDS	asnS_2	6.1.1.22	Asparagine--tRNA ligase
ILKHNOCB_00929	CDS	hemE	4.1.1.37	Uroporphyrinogen decarboxylase
ILKHNOCB_00930	CDS	hemH1	4.99.1.1	Ferrochelatase 1
ILKHNOCB_00931	CDS	selB_2	Selenocysteine-specific elongation factor
ILKHNOCB_00932	CDS	purD	6.3.4.13	Phosphoribosylamine--glycine ligase
ILKHNOCB_00933	CDS	scpB	Segregation and condensation protein B
ILKHNOCB_00934	CDS	hypothetical protein
ILKHNOCB_00935	CDS	rbn	3.1.-.-	Ribonuclease BN
ILKHNOCB_00936	CDS	hypothetical protein
ILKHNOCB_00937	CDS	smc_2	Chromosome partition protein Smc
ILKHNOCB_00938	CDS	hypothetical protein
ILKHNOCB_00939	CDS	hypothetical protein
ILKHNOCB_00940	CDS	hypothetical protein
ILKHNOCB_00941	CDS	tyrS	6.1.1.1	Tyrosine--tRNA ligase
ILKHNOCB_00942	CDS	hypothetical protein
ILKHNOCB_00943	CDS	recA_1	Protein RecA
ILKHNOCB_00944	CDS	serB_2	3.1.3.3	Phosphoserine phosphatase
ILKHNOCB_00945	CDS	proS	6.1.1.15	Proline--tRNA ligase
ILKHNOCB_00946	CDS	argE	3.5.1.16	Acetylornithine deacetylase
ILKHNOCB_00947	CDS	Bifunctional NMN adenylyltransferase/Nudix hydrolase
ILKHNOCB_00948	CDS	hypothetical protein
ILKHNOCB_00949	CDS	2.6.1.1	Aspartate aminotransferase
ILKHNOCB_00950	CDS	asnC_2	Regulatory protein AsnC
ILKHNOCB_00951	CDS	ydfJ_2	Membrane protein YdfJ
ILKHNOCB_00952	CDS	stp	3.1.3.16	Serine/threonine phosphatase stp
ILKHNOCB_00953	CDS	msrC	1.8.4.14	Free methionine-R-sulfoxide reductase
ILKHNOCB_00954	CDS	yajR	Inner membrane transport protein YajR
ILKHNOCB_00955	CDS	pspA	3.1.3.3	Phosphoserine phosphatase 1
ILKHNOCB_00956	CDS	5.1.3.11	Cellobiose 2-epimerase
ILKHNOCB_00957	CDS	hypothetical protein
ILKHNOCB_00958	CDS	hpd	1.13.11.27	4-hydroxyphenylpyruvate dioxygenase
ILKHNOCB_00959	CDS	4.3.2.3	Ureidoglycolate lyase
ILKHNOCB_00960	CDS	hmgA	1.13.11.5	Homogentisate 1,2-dioxygenase
ILKHNOCB_00961	CDS	tfdF	1.3.1.32	Maleylacetate reductase
ILKHNOCB_00962	CDS	hypothetical protein
ILKHNOCB_00963	CDS	hypothetical protein
ILKHNOCB_00964	CDS	pspB_3	3.1.3.3	Putative phosphoserine phosphatase 2
ILKHNOCB_00965	CDS	hypothetical protein
ILKHNOCB_00966	CDS	hypothetical protein
ILKHNOCB_00967	CDS	hypothetical protein
ILKHNOCB_00968	CDS	hpcE	Homoprotocatechuate catabolism bifunctional isomerase/decarboxylase
ILKHNOCB_00969	CDS	hypothetical protein
ILKHNOCB_00970	CDS	hypothetical protein
ILKHNOCB_00971	CDS	hypothetical protein
ILKHNOCB_00972	CDS	pncC	3.5.1.42	Nicotinamide-nucleotide amidohydrolase PncC
ILKHNOCB_00973	CDS	hypothetical protein
ILKHNOCB_00974	CDS	glmS_2	2.6.1.16	Glutamine--fructose-6-phosphate aminotransferase [isomerizing]
ILKHNOCB_00975	CDS	hypothetical protein
ILKHNOCB_00976	CDS	hypothetical protein
ILKHNOCB_00977	CDS	hypothetical protein
ILKHNOCB_00978	CDS	hypothetical protein
ILKHNOCB_00979	CDS	hypothetical protein
ILKHNOCB_00980	CDS	hypothetical protein
ILKHNOCB_00981	CDS	kdkA	2.7.1.166	3-deoxy-D-manno-octulosonic acid kinase
ILKHNOCB_00982	CDS	pcrA	3.6.4.12	ATP-dependent DNA helicase PcrA
ILKHNOCB_00983	CDS	adhT	1.1.1.1	Alcohol dehydrogenase
ILKHNOCB_00984	CDS	thiF	2.7.7.73	Sulfur carrier protein ThiS adenylyltransferase
ILKHNOCB_00985	CDS	hypothetical protein
ILKHNOCB_00986	CDS	hypothetical protein
ILKHNOCB_00987	CDS	drrA_2	3.6.3.-	Daunorubicin/doxorubicin resistance ATP-binding protein DrrA
ILKHNOCB_00988	CDS	drrC	putative doxorubicin resistance ABC transporter permease protein DrrC
ILKHNOCB_00989	CDS	hypothetical protein
ILKHNOCB_00990	CDS	hypothetical protein
ILKHNOCB_00991	CDS	kdpA	Potassium-transporting ATPase potassium-binding subunit
ILKHNOCB_00992	CDS	kdpB	3.6.3.12	Potassium-transporting ATPase ATP-binding subunit
ILKHNOCB_00993	CDS	kdpC	Potassium-transporting ATPase KdpC subunit
ILKHNOCB_00994	CDS	hypothetical protein
ILKHNOCB_00995	CDS	hypothetical protein
ILKHNOCB_00996	CDS	pyrD	1.3.1.14	Dihydroorotate dehydrogenase B (NAD(+)), catalytic subunit
ILKHNOCB_00997	CDS	Dihydroorotate dehydrogenase B (NAD(+)), electron transfer subunit 
ILKHNOCB_00998	CDS	queE	4.3.99.3	7-carboxy-7-deazaguanine synthase
ILKHNOCB_00999	CDS	allB	3.5.2.5	Allantoinase
ILKHNOCB_01000	CDS	hypothetical protein
ILKHNOCB_01001	CDS	hypothetical protein
ILKHNOCB_01002	CDS	hypothetical protein
ILKHNOCB_01003	CDS	hypothetical protein
ILKHNOCB_01004	CDS	ubiG	2.1.1.222	Ubiquinone biosynthesis O-methyltransferase
ILKHNOCB_01005	CDS	hemA	1.2.1.70	Glutamyl-tRNA reductase
ILKHNOCB_01006	CDS	hypothetical protein
ILKHNOCB_01007	CDS	pheS	6.1.1.20	Phenylalanine--tRNA ligase alpha subunit
ILKHNOCB_01008	CDS	mtaD	3.5.4.28	5-methylthioadenosine/S-adenosylhomocysteine deaminase
ILKHNOCB_01009	CDS	hypothetical protein
ILKHNOCB_01010	CDS	hypothetical protein
ILKHNOCB_01011	CDS	ravA_2	3.6.3.-	ATPase RavA
ILKHNOCB_01012	CDS	hypothetical protein
ILKHNOCB_01013	CDS	hypothetical protein
ILKHNOCB_01014	CDS	hypothetical protein
ILKHNOCB_01015	CDS	hypothetical protein
ILKHNOCB_01016	CDS	hypothetical protein
ILKHNOCB_01017	CDS	3.4.-.-	putative peptidase
ILKHNOCB_01018	CDS	ywrD	2.3.2.2	Putative gamma-glutamyltransferase YwrD
ILKHNOCB_01019	CDS	hypothetical protein
ILKHNOCB_01020	CDS	hypothetical protein
ILKHNOCB_01021	CDS	hypothetical protein
ILKHNOCB_01022	CDS	csbC_1	putative metabolite transport protein CsbC
ILKHNOCB_01023	CDS	yodB	HTH-type transcriptional regulator YodB
ILKHNOCB_01024	CDS	glpT	Glycerol-3-phosphate transporter
ILKHNOCB_01025	CDS	hypothetical protein
ILKHNOCB_01026	tRNA	tRNA-His(gtg)
ILKHNOCB_01027	CDS	hypothetical protein
ILKHNOCB_01028	tRNA	tRNA-Gly(gcc)
ILKHNOCB_01029	CDS	hypothetical protein
ILKHNOCB_01030	CDS	pepE	3.4.13.-	putative dipeptidase PepE
ILKHNOCB_01031	CDS	treZ	3.2.1.141	Malto-oligosyltrehalose trehalohydrolase
ILKHNOCB_01032	CDS	treY	5.4.99.15	Maltooligosyl trehalose synthase
ILKHNOCB_01033	CDS	hypothetical protein
ILKHNOCB_01034	CDS	drrA_3	3.6.3.-	Daunorubicin/doxorubicin resistance ATP-binding protein DrrA
ILKHNOCB_01035	CDS	hypothetical protein
ILKHNOCB_01036	tRNA	tRNA-Ala(ggc)
ILKHNOCB_01037	CDS	ptlH	Type IV secretion system protein PtlH
ILKHNOCB_01038	CDS	hypothetical protein
ILKHNOCB_01039	CDS	hypothetical protein
ILKHNOCB_01040	CDS	Putative conjugal transfer protein
ILKHNOCB_01041	CDS	nhaP	K(+)/H(+) antiporter NhaP
ILKHNOCB_01042	CDS	nadE	6.3.1.5	NH(3)-dependent NAD(+) synthetase
ILKHNOCB_01043	CDS	folD	Bifunctional protein FolD protein
ILKHNOCB_01044	CDS	tdh	1.1.1.103	L-threonine 3-dehydrogenase
ILKHNOCB_01045	CDS	ribA	3.5.4.25	GTP cyclohydrolase-2
ILKHNOCB_01046	CDS	hypothetical protein
ILKHNOCB_01047	CDS	ycgJ_3	2.1.1.-	putative methyltransferase YcgJ
ILKHNOCB_01048	CDS	hypothetical protein
ILKHNOCB_01049	CDS	hypothetical protein
ILKHNOCB_01050	tRNA	tRNA-Gln(ctg)
ILKHNOCB_01051	CDS	hypothetical protein
ILKHNOCB_01052	CDS	thrB_2	2.7.1.39	Homoserine kinase
ILKHNOCB_01053	CDS	4.4.1.11	L-methionine gamma-lyase
ILKHNOCB_01054	CDS	apc3	6.4.1.8	Acetophenone carboxylase gamma subunit
ILKHNOCB_01055	CDS	apc4	6.4.1.8	Acetophenone carboxylase delta subunit
ILKHNOCB_01056	CDS	hypothetical protein
ILKHNOCB_01057	tRNA	tRNA-Glu(ttc)
ILKHNOCB_01058	CDS	amt	Ammonia channel
ILKHNOCB_01059	CDS	aidB	1.3.99.-	Putative acyl-CoA dehydrogenase AidB
ILKHNOCB_01060	tRNA	tRNA-Val(cac)
ILKHNOCB_01061	CDS	hypothetical protein
ILKHNOCB_01062	CDS	hypothetical protein
ILKHNOCB_01063	CDS	hypothetical protein
ILKHNOCB_01064	CDS	lutB	Lactate utilization protein B
ILKHNOCB_01065	CDS	hypothetical protein
ILKHNOCB_01066	CDS	hypothetical protein
ILKHNOCB_01067	CDS	hypothetical protein
ILKHNOCB_01068	CDS	hypothetical protein
ILKHNOCB_01069	CDS	hypothetical protein
ILKHNOCB_01070	CDS	hypothetical protein
ILKHNOCB_01071	CDS	hypothetical protein
ILKHNOCB_01072	CDS	hypothetical protein
ILKHNOCB_01073	CDS	hypothetical protein
ILKHNOCB_01074	CDS	yxeP	3.-.-.-	putative hydrolase YxeP
ILKHNOCB_01075	CDS	hypothetical protein
ILKHNOCB_01076	CDS	hypothetical protein
ILKHNOCB_01077	CDS	cpdA_1	3.1.4.53	3',5'-cyclic adenosine monophosphate phosphodiesterase CpdA
ILKHNOCB_01078	CDS	putative DNA double-strand break repair Rad50 ATPase
ILKHNOCB_01079	CDS	iscU	Iron-sulfur cluster assembly scaffold protein IscU
ILKHNOCB_01080	CDS	sufS	2.8.1.7	Cysteine desulfurase SufS
ILKHNOCB_01081	CDS	sufB_1	FeS cluster assembly protein SufB
ILKHNOCB_01082	CDS	sufB_2	FeS cluster assembly protein SufB
ILKHNOCB_01083	CDS	sufC	Vegetative protein 296
ILKHNOCB_01084	CDS	hypothetical protein
ILKHNOCB_01085	CDS	putative epimerase/dehydratase
ILKHNOCB_01086	CDS	hypothetical protein
ILKHNOCB_01087	CDS	hypothetical protein
ILKHNOCB_01088	CDS	gmhA	5.3.1.28	Phosphoheptose isomerase
ILKHNOCB_01089	CDS	arcA	3.5.3.6	Arginine deiminase
ILKHNOCB_01090	CDS	hypothetical protein
ILKHNOCB_01091	CDS	acdA_3	1.3.99.-	Acyl-CoA dehydrogenase
ILKHNOCB_01092	CDS	hypothetical protein
ILKHNOCB_01093	CDS	cysK_2	2.5.1.47	Cysteine synthase
ILKHNOCB_01094	tRNA	tRNA-Leu(taa)
ILKHNOCB_01095	CDS	hypothetical protein
ILKHNOCB_01096	CDS	asnC_3	Regulatory protein AsnC
ILKHNOCB_01097	CDS	hypothetical protein
ILKHNOCB_01098	CDS	ispB	2.5.1.90	Octaprenyl diphosphate synthase
ILKHNOCB_01099	CDS	arsA	3.6.3.16	Arsenical pump-driving ATPase
ILKHNOCB_01100	CDS	hypothetical protein
ILKHNOCB_01101	CDS	aldHT	1.2.1.5	Aldehyde dehydrogenase, thermostable
ILKHNOCB_01102	CDS	hypothetical protein
ILKHNOCB_01103	CDS	fmdA	3.5.1.49	Formamidase
ILKHNOCB_01104	CDS	hypothetical protein
ILKHNOCB_01105	CDS	hypothetical protein
ILKHNOCB_01106	CDS	hypothetical protein
ILKHNOCB_01107	CDS	hypothetical protein
ILKHNOCB_01108	CDS	hypothetical protein
ILKHNOCB_01109	CDS	hypothetical protein
ILKHNOCB_01110	CDS	hypothetical protein
ILKHNOCB_01111	CDS	hypothetical protein
ILKHNOCB_01112	CDS	hypothetical protein
ILKHNOCB_01113	CDS	hypothetical protein
ILKHNOCB_01114	CDS	hypothetical protein
ILKHNOCB_01115	CDS	hypothetical protein
ILKHNOCB_01116	CDS	hypothetical protein
ILKHNOCB_01117	CDS	hypothetical protein
ILKHNOCB_01118	CDS	hypothetical protein
ILKHNOCB_01119	CDS	hypothetical protein
ILKHNOCB_01120	CDS	hypothetical protein
ILKHNOCB_01121	CDS	hypothetical protein
ILKHNOCB_01122	CDS	hypothetical protein
ILKHNOCB_01123	CDS	hypothetical protein
ILKHNOCB_01124	CDS	hypothetical protein
ILKHNOCB_01125	CDS	cpdA_2	3.1.4.53	3',5'-cyclic adenosine monophosphate phosphodiesterase CpdA
ILKHNOCB_01126	CDS	hypothetical protein
ILKHNOCB_01127	CDS	hypothetical protein
ILKHNOCB_01128	CDS	ythA_1	1.10.3.-	Putative cytochrome bd menaquinol oxidase subunit I
ILKHNOCB_01129	CDS	hypothetical protein
ILKHNOCB_01130	CDS	hypothetical protein
ILKHNOCB_01131	CDS	ubiD	4.1.1.98	3-octaprenyl-4-hydroxybenzoate carboxy-lyase
ILKHNOCB_01132	CDS	ubiA	2.5.1.-	4-hydroxybenzoate octaprenyltransferase
ILKHNOCB_01133	CDS	hom	1.1.1.3	Homoserine dehydrogenase
ILKHNOCB_01134	CDS	gyrA	5.99.1.3	DNA gyrase subunit A
ILKHNOCB_01135	CDS	gyrB	5.99.1.3	DNA gyrase subunit B
ILKHNOCB_01136	CDS	hypothetical protein
ILKHNOCB_01137	CDS	merA	1.16.1.1	Mercuric reductase
ILKHNOCB_01138	CDS	hypothetical protein
ILKHNOCB_01139	CDS	hypothetical protein
ILKHNOCB_01140	CDS	glkA	2.7.1.2	Glucokinase
ILKHNOCB_01141	CDS	hypothetical protein
ILKHNOCB_01142	CDS	aspS2	6.1.1.23	Aspartate--tRNA(Asp/Asn) ligase
ILKHNOCB_01143	CDS	hypothetical protein
ILKHNOCB_01144	CDS	hbd_2	1.1.1.157	3-hydroxybutyryl-CoA dehydrogenase
ILKHNOCB_01145	CDS	hypothetical protein
ILKHNOCB_01146	tRNA	tRNA-Val(tac)
ILKHNOCB_01147	CDS	hypothetical protein
ILKHNOCB_01148	CDS	hypothetical protein
ILKHNOCB_01149	CDS	hypothetical protein
ILKHNOCB_01150	CDS	hypothetical protein
ILKHNOCB_01151	CDS	hypothetical protein
ILKHNOCB_01152	CDS	hypothetical protein
ILKHNOCB_01153	CDS	hypothetical protein
ILKHNOCB_01154	CDS	lysY	1.2.1.-	[LysW]-L-2-aminoadipate 6-phosphate reductase
ILKHNOCB_01155	CDS	argB	2.7.2.8	Acetylglutamate kinase
ILKHNOCB_01156	CDS	lysJ	2.6.1.-	[LysW]-aminoadipate semialdehyde transaminase
ILKHNOCB_01157	CDS	lysX	6.3.2.43	Alpha-aminoadipate--LysW ligase LysX
ILKHNOCB_01158	CDS	lysK	3.5.1.-	[LysW]-lysine hydrolase
ILKHNOCB_01159	CDS	hypothetical protein
ILKHNOCB_01160	CDS	argG	6.3.4.5	Argininosuccinate synthase
ILKHNOCB_01161	CDS	argH	4.3.2.1	Argininosuccinate lyase
ILKHNOCB_01162	CDS	egtB	1.14.99.50	Hercynine oxygenase
ILKHNOCB_01163	CDS	egtD	2.1.1.44	Histidine N-alpha-methyltransferase
ILKHNOCB_01164	CDS	mngB	3.2.1.170	Mannosylglycerate hydrolase
ILKHNOCB_01165	CDS	hypothetical protein
ILKHNOCB_01166	CDS	rsxB	Electron transport complex subunit RsxB
ILKHNOCB_01167	CDS	vapC_2	3.1.-.-	tRNA(fMet)-specific endonuclease VapC
ILKHNOCB_01168	CDS	hypothetical protein
ILKHNOCB_01169	CDS	hypothetical protein
ILKHNOCB_01170	tRNA	tRNA-Thr(cgt)
ILKHNOCB_01171	CDS	nfo	3.1.21.2	Endonuclease 4
ILKHNOCB_01172	CDS	hypothetical protein
ILKHNOCB_01173	CDS	sqr	1.8.5.4	Sulfide-quinone reductase
ILKHNOCB_01174	CDS	hypothetical protein
ILKHNOCB_01175	CDS	ythA_2	1.10.3.-	Putative cytochrome bd menaquinol oxidase subunit I
ILKHNOCB_01176	CDS	hypothetical protein
ILKHNOCB_01177	CDS	coaBC	Coenzyme A biosynthesis bifunctional protein CoaBC
ILKHNOCB_01178	CDS	hypothetical protein
ILKHNOCB_01179	CDS	lip3	3.1.1.3	Lipase 3
ILKHNOCB_01180	CDS	ppdK	2.7.9.1	Pyruvate, phosphate dikinase
ILKHNOCB_01181	CDS	glpQ	3.1.4.46	Glycerophosphodiester phosphodiesterase
ILKHNOCB_01182	CDS	glpD	1.1.5.3	Aerobic glycerol-3-phosphate dehydrogenase
ILKHNOCB_01183	CDS	hypothetical protein
ILKHNOCB_01184	CDS	hypothetical protein
ILKHNOCB_01185	CDS	natA_4	ABC transporter ATP-binding protein NatA
ILKHNOCB_01186	CDS	hypothetical protein
ILKHNOCB_01187	CDS	hypothetical protein
ILKHNOCB_01188	CDS	guaB_2	1.1.1.205	Inosine-5'-monophosphate dehydrogenase
ILKHNOCB_01189	CDS	mqnA	4.2.1.151	Chorismate dehydratase
ILKHNOCB_01190	CDS	mqnE	2.5.1.120	Aminodeoxyfutalosine synthase
ILKHNOCB_01191	CDS	mqnC	1.21.98.1	Cyclic dehypoxanthine futalosine synthase
ILKHNOCB_01192	CDS	truD	5.4.99.27	tRNA pseudouridine synthase D
ILKHNOCB_01193	CDS	hypothetical protein
ILKHNOCB_01194	CDS	hypothetical protein
ILKHNOCB_01195	CDS	hypothetical protein
ILKHNOCB_01196	CDS	hypothetical protein
ILKHNOCB_01197	CDS	lysN	2.6.1.39	2-aminoadipate transaminase
ILKHNOCB_01198	CDS	der	GTPase Der
ILKHNOCB_01199	CDS	hypothetical protein
ILKHNOCB_01200	CDS	rpsB	30S ribosomal protein S2
ILKHNOCB_01201	CDS	guaA_2	6.3.5.2	GMP synthase [glutamine-hydrolyzing]
ILKHNOCB_01202	CDS	hypothetical protein
ILKHNOCB_01203	CDS	hypothetical protein
ILKHNOCB_01204	CDS	hypothetical protein
ILKHNOCB_01205	CDS	hisS	6.1.1.21	Histidine--tRNA ligase
ILKHNOCB_01206	CDS	perR	Peroxide operon regulator
ILKHNOCB_01207	CDS	folP	2.5.1.15	Dihydropteroate synthase
ILKHNOCB_01208	CDS	hypothetical protein
ILKHNOCB_01209	CDS	ettA	Energy-dependent translational throttle protein EttA
ILKHNOCB_01210	CDS	tgt	2.4.2.29	Queuine tRNA-ribosyltransferase
ILKHNOCB_01211	CDS	hypothetical protein
ILKHNOCB_01212	CDS	tetA_2	Tetracycline resistance protein, class C
ILKHNOCB_01213	CDS	hypothetical protein
ILKHNOCB_01214	CDS	kmo	1.14.13.9	Kynurenine 3-monooxygenase
ILKHNOCB_01215	CDS	polB_2	2.7.7.7	DNA polymerase II
ILKHNOCB_01216	CDS	naiP_2	Putative niacin/nicotinamide transporter NaiP
ILKHNOCB_01217	CDS	glyA_2	2.1.2.1	Serine hydroxymethyltransferase
ILKHNOCB_01218	CDS	guaB_3	1.1.1.205	Inosine-5'-monophosphate dehydrogenase
ILKHNOCB_01219	CDS	tldD	3.4.-.-	Metalloprotease TldD
ILKHNOCB_01220	CDS	pmbA	3.4.-.-	Metalloprotease PmbA
ILKHNOCB_01221	CDS	pepN_3	3.4.11.2	Aminopeptidase N
ILKHNOCB_01222	CDS	ywlC	2.7.7.87	Threonylcarbamoyl-AMP synthase
ILKHNOCB_01223	CDS	hypothetical protein
ILKHNOCB_01224	CDS	cga	3.2.1.3	Glucoamylase
ILKHNOCB_01225	CDS	purK	6.3.4.18	N5-carboxyaminoimidazole ribonucleotide synthase
ILKHNOCB_01226	CDS	purE	5.4.99.18	N5-carboxyaminoimidazole ribonucleotide mutase
ILKHNOCB_01227	CDS	hypothetical protein
ILKHNOCB_01228	CDS	hypothetical protein
ILKHNOCB_01229	CDS	ydaP	Putative thiamine pyrophosphate-containing protein YdaP
ILKHNOCB_01230	CDS	hypothetical protein
ILKHNOCB_01231	CDS	hypothetical protein
ILKHNOCB_01232	CDS	hypothetical protein
ILKHNOCB_01233	CDS	hypothetical protein
ILKHNOCB_01234	CDS	hypothetical protein
ILKHNOCB_01235	CDS	hypothetical protein
ILKHNOCB_01236	CDS	hypothetical protein
ILKHNOCB_01237	CDS	frdB	1.3.5.1	Fumarate reductase iron-sulfur subunit
ILKHNOCB_01238	CDS	sdhA	1.3.5.1	Succinate dehydrogenase flavoprotein subunit
ILKHNOCB_01239	CDS	gerN	Na(+)/H(+)-K(+) antiporter GerN
ILKHNOCB_01240	CDS	pcm	2.1.1.77	Protein-L-isoaspartate O-methyltransferase
ILKHNOCB_01241	CDS	ligB	6.5.1.1	DNA ligase B
ILKHNOCB_01242	CDS	hypothetical protein
ILKHNOCB_01243	CDS	btuF_2	Vitamin B12-binding protein
ILKHNOCB_01244	CDS	hypothetical protein
ILKHNOCB_01245	CDS	hypothetical protein
ILKHNOCB_01246	CDS	hypothetical protein
ILKHNOCB_01247	CDS	hypothetical protein
ILKHNOCB_01248	CDS	hypothetical protein
ILKHNOCB_01249	CDS	hypothetical protein
ILKHNOCB_01250	CDS	hypothetical protein
ILKHNOCB_01251	CDS	ppa	3.6.1.1	Inorganic pyrophosphatase
ILKHNOCB_01252	CDS	hypothetical protein
ILKHNOCB_01253	CDS	mmgC	1.3.99.-	Acyl-CoA dehydrogenase
ILKHNOCB_01254	CDS	hypothetical protein
ILKHNOCB_01255	CDS	groL_2	60 kDa chaperonin
ILKHNOCB_01256	CDS	Bifunctional NMN adenylyltransferase/Nudix hydrolase
ILKHNOCB_01257	CDS	hddA	2.7.1.168	D-glycero-alpha-D-manno-heptose 7-phosphate kinase
ILKHNOCB_01258	CDS	hypothetical protein
ILKHNOCB_01259	CDS	hypothetical protein
ILKHNOCB_01260	CDS	hypothetical protein
ILKHNOCB_01261	tRNA	tRNA-Ser(tga)
ILKHNOCB_01262	CDS	maa	2.3.1.79	Maltose O-acetyltransferase
ILKHNOCB_01263	CDS	hypothetical protein
ILKHNOCB_01264	CDS	mutT4	3.6.1.-	Putative mutator protein MutT4
ILKHNOCB_01265	CDS	pgk	2.7.2.3	Phosphoglycerate kinase
ILKHNOCB_01266	CDS	pfdA	Prefoldin subunit alpha
ILKHNOCB_01267	CDS	ftsY	Signal recognition particle receptor FtsY
ILKHNOCB_01268	CDS	hypothetical protein
ILKHNOCB_01269	CDS	putB	1.5.5.2	Proline dehydrogenase 2
ILKHNOCB_01270	CDS	hypothetical protein
ILKHNOCB_01271	CDS	rfbA	2.7.7.24	Glucose-1-phosphate thymidylyltransferase 1
ILKHNOCB_01272	CDS	hypothetical protein
ILKHNOCB_01273	CDS	hypothetical protein
ILKHNOCB_01274	CDS	natA_5	ABC transporter ATP-binding protein NatA
ILKHNOCB_01275	CDS	hypothetical protein
ILKHNOCB_01276	CDS	hypothetical protein
ILKHNOCB_01277	CDS	hypothetical protein
ILKHNOCB_01278	CDS	galE_2	5.1.3.2	UDP-glucose 4-epimerase
ILKHNOCB_01279	CDS	hypothetical protein
ILKHNOCB_01280	CDS	3.1.-.-	Ribonuclease
ILKHNOCB_01281	CDS	mtnP	2.4.2.28	S-methyl-5'-thioadenosine phosphorylase
ILKHNOCB_01282	CDS	hypothetical protein
ILKHNOCB_01283	CDS	hypothetical protein
ILKHNOCB_01284	CDS	gcvPB	1.4.4.2	putative glycine dehydrogenase (decarboxylating) subunit 2
ILKHNOCB_01285	CDS	gcvPA	1.4.4.2	putative glycine dehydrogenase (decarboxylating) subunit 1
ILKHNOCB_01286	CDS	hypothetical protein
ILKHNOCB_01287	CDS	hypothetical protein
ILKHNOCB_01288	tRNA	tRNA-Arg(cct)
ILKHNOCB_01289	CDS	fadH	1.3.1.34	putative 2,4-dienoyl-CoA reductase
ILKHNOCB_01290	CDS	hypothetical protein
ILKHNOCB_01291	CDS	queC	6.3.4.20	7-cyano-7-deazaguanine synthase
ILKHNOCB_01292	CDS	mdh	1.1.1.37	Malate dehydrogenase
ILKHNOCB_01293	CDS	hypothetical protein
ILKHNOCB_01294	CDS	hemB	4.2.1.24	Delta-aminolevulinic acid dehydratase
ILKHNOCB_01295	CDS	hypothetical protein
ILKHNOCB_01296	CDS	hypothetical protein
ILKHNOCB_01297	CDS	hypothetical protein
ILKHNOCB_01298	CDS	rlmE	2.1.1.166	Ribosomal RNA large subunit methyltransferase E
ILKHNOCB_01299	CDS	gcvH	Glycine cleavage system H protein
ILKHNOCB_01300	CDS	hypothetical protein
ILKHNOCB_01301	CDS	aroD	4.2.1.10	3-dehydroquinate dehydratase
ILKHNOCB_01302	CDS	hypothetical protein
ILKHNOCB_01303	CDS	hypothetical protein
ILKHNOCB_01304	CDS	hypothetical protein
ILKHNOCB_01305	CDS	hypothetical protein
ILKHNOCB_01306	CDS	hypothetical protein
ILKHNOCB_01307	CDS	rmlD	1.1.1.133	dTDP-4-dehydrorhamnose reductase
ILKHNOCB_01308	CDS	rmlA	2.7.7.24	Glucose-1-phosphate thymidylyltransferase
ILKHNOCB_01309	CDS	hypothetical protein
ILKHNOCB_01310	CDS	hypothetical protein
ILKHNOCB_01311	CDS	hypothetical protein
ILKHNOCB_01312	CDS	asd2	1.2.1.11	Aspartate-semialdehyde dehydrogenase 2
ILKHNOCB_01313	CDS	2.7.2.4	Aspartate kinase
ILKHNOCB_01314	CDS	mscS	Small-conductance mechanosensitive channel
ILKHNOCB_01315	CDS	aroC	4.2.3.5	Chorismate synthase
ILKHNOCB_01316	CDS	hypothetical protein
ILKHNOCB_01317	CDS	hypothetical protein
ILKHNOCB_01318	CDS	hypothetical protein
ILKHNOCB_01319	CDS	alaS_1	6.1.1.7	Alanine--tRNA ligase
ILKHNOCB_01320	CDS	hypothetical protein
ILKHNOCB_01321	CDS	hypothetical protein
ILKHNOCB_01322	CDS	hypothetical protein
ILKHNOCB_01323	CDS	hypothetical protein
ILKHNOCB_01324	CDS	hypothetical protein
ILKHNOCB_01325	CDS	glmM	5.4.2.10	Phosphoglucosamine mutase
ILKHNOCB_01326	CDS	hypothetical protein
ILKHNOCB_01327	CDS	ahcY	3.3.1.1	Adenosylhomocysteinase
ILKHNOCB_01328	CDS	ribD	Riboflavin biosynthesis protein RibD
ILKHNOCB_01329	CDS	hypothetical protein
ILKHNOCB_01330	CDS	hypothetical protein
ILKHNOCB_01331	CDS	helY	3.6.4.-	putative helicase HelY
ILKHNOCB_01332	CDS	prmC	2.1.1.297	Release factor glutamine methyltransferase
ILKHNOCB_01333	CDS	2.5.1.68	(2Z,6E)-farnesyl diphosphate synthase
ILKHNOCB_01334	CDS	hypothetical protein
ILKHNOCB_01335	CDS	coaE	2.7.1.24	Dephospho-CoA kinase
ILKHNOCB_01336	CDS	ynbA	Inner membrane protein YnbA
ILKHNOCB_01337	CDS	hypothetical protein
ILKHNOCB_01338	CDS	guaB_4	1.1.1.205	Inosine-5'-monophosphate dehydrogenase
ILKHNOCB_01339	CDS	hypothetical protein
ILKHNOCB_01340	CDS	serS	6.1.1.11	Serine--tRNA ligase
ILKHNOCB_01341	CDS	hypothetical protein
ILKHNOCB_01342	CDS	sfrB	1.-.-.-	NADPH-Fe(3+) oxidoreductase subunit beta
ILKHNOCB_01343	CDS	hypothetical protein
ILKHNOCB_01344	CDS	hypothetical protein
ILKHNOCB_01345	CDS	hypothetical protein
ILKHNOCB_01346	CDS	hypothetical protein
ILKHNOCB_01347	CDS	yicL	putative inner membrane transporter YicL
ILKHNOCB_01348	CDS	alsS	2.2.1.6	Acetolactate synthase
ILKHNOCB_01349	CDS	gabD1	1.2.1.79	Succinate-semialdehyde dehydrogenase [NADP(+)] 1
ILKHNOCB_01350	CDS	cmk	2.7.4.25	Cytidylate kinase
ILKHNOCB_01351	CDS	hypothetical protein
ILKHNOCB_01352	CDS	hflK	Modulator of FtsH protease HflK
ILKHNOCB_01353	CDS	rsmA	2.1.1.182	Ribosomal RNA small subunit methyltransferase A
ILKHNOCB_01354	CDS	hypothetical protein
ILKHNOCB_01355	CDS	hypothetical protein
ILKHNOCB_01356	CDS	hypothetical protein
ILKHNOCB_01357	CDS	hypothetical protein
ILKHNOCB_01358	CDS	hypothetical protein
ILKHNOCB_01359	CDS	rph_1	2.7.7.56	Ribonuclease PH
ILKHNOCB_01360	CDS	rph_2	2.7.7.56	Ribonuclease PH
ILKHNOCB_01361	CDS	hypothetical protein
ILKHNOCB_01362	CDS	hypothetical protein
ILKHNOCB_01363	CDS	hypothetical protein
ILKHNOCB_01364	CDS	ffh	Signal recognition particle protein
ILKHNOCB_01365	CDS	hypothetical protein
ILKHNOCB_01366	CDS	pdg	Ultraviolet N-glycosylase/AP lyase
ILKHNOCB_01367	CDS	fabG_3	1.1.1.100	3-oxoacyl-[acyl-carrier-protein] reductase FabG
ILKHNOCB_01368	CDS	hypothetical protein
ILKHNOCB_01369	CDS	hypothetical protein
ILKHNOCB_01370	CDS	hypothetical protein
ILKHNOCB_01371	CDS	hypothetical protein
ILKHNOCB_01372	tRNA	tRNA-Leu(tag)
ILKHNOCB_01373	CDS	hypothetical protein
ILKHNOCB_01374	CDS	hypothetical protein
ILKHNOCB_01375	CDS	bsdB	2.5.1.129	putative UbiX-like flavin prenyltransferase
ILKHNOCB_01376	CDS	hypothetical protein
ILKHNOCB_01377	CDS	hypothetical protein
ILKHNOCB_01378	CDS	hypothetical protein
ILKHNOCB_01379	CDS	quiP	3.5.1.97	Acyl-homoserine lactone acylase QuiP
ILKHNOCB_01380	CDS	hypothetical protein
ILKHNOCB_01381	CDS	gsiA	3.6.3.-	Glutathione import ATP-binding protein GsiA
ILKHNOCB_01382	CDS	oppC	Oligopeptide transport system permease protein OppC
ILKHNOCB_01383	CDS	nikB_2	Nickel transport system permease protein NikB
ILKHNOCB_01384	CDS	hypothetical protein
ILKHNOCB_01385	CDS	hypothetical protein
ILKHNOCB_01386	CDS	hypothetical protein
ILKHNOCB_01387	CDS	hypothetical protein
ILKHNOCB_01388	CDS	recA_2	Protein RecA
ILKHNOCB_01389	CDS	hypothetical protein
ILKHNOCB_01390	CDS	hypothetical protein
ILKHNOCB_01391	CDS	2.4.-.-	putative glycosyltransferase
ILKHNOCB_01392	CDS	glyQS	6.1.1.14	Glycine--tRNA ligase
ILKHNOCB_01393	CDS	guaB_5	1.1.1.205	Inosine-5'-monophosphate dehydrogenase
ILKHNOCB_01394	CDS	sfsA	Sugar fermentation stimulation protein A
ILKHNOCB_01395	CDS	hypothetical protein
ILKHNOCB_01396	CDS	carB	6.3.5.5	Carbamoyl-phosphate synthase large chain
ILKHNOCB_01397	CDS	carA_2	6.3.5.5	Carbamoyl-phosphate synthase small chain
ILKHNOCB_01398	CDS	hypothetical protein
ILKHNOCB_01399	CDS	htpX	3.4.24.-	Protease HtpX 
ILKHNOCB_01400	CDS	hypothetical protein
ILKHNOCB_01401	CDS	alaS_2	6.1.1.7	Alanine--tRNA ligase
ILKHNOCB_01402	CDS	2.3.1.-	Putative pyridoxal phosphate-dependent acyltransferase
ILKHNOCB_01403	CDS	hddC	2.7.7.71	D-glycero-alpha-D-manno-heptose 1-phosphate guanylyltransferase
ILKHNOCB_01404	CDS	rimI_2	2.3.1.128	Ribosomal-protein-alanine acetyltransferase
ILKHNOCB_01405	CDS	gloB_2	3.1.2.6	Hydroxyacylglutathione hydrolase
ILKHNOCB_01406	CDS	dinG	3.6.4.12	putative ATP-dependent helicase DinG 
ILKHNOCB_01407	CDS	bepA_4	3.4.-.-	Beta-barrel assembly-enhancing protease
ILKHNOCB_01408	CDS	rnhB	3.1.26.4	Ribonuclease HII
ILKHNOCB_01409	CDS	2.5.1.10	Farnesyl diphosphate synthase
ILKHNOCB_01410	CDS	hypothetical protein
ILKHNOCB_01411	CDS	xerD	Tyrosine recombinase XerD
ILKHNOCB_01412	CDS	tri1_2	3.4.21.-	Tricorn protease 
ILKHNOCB_01413	CDS	citB	4.2.1.3	Aconitate hydratase A
ILKHNOCB_01414	CDS	hypothetical protein
ILKHNOCB_01415	CDS	phrA	4.1.99.3	Deoxyribodipyrimidine photo-lyase
ILKHNOCB_01416	CDS	purM	6.3.3.1	Phosphoribosylformylglycinamidine cyclo-ligase
ILKHNOCB_01417	CDS	ndhI_2	1.6.5.11	NAD(P)H-quinone oxidoreductase subunit I, chloroplastic
ILKHNOCB_01418	tRNA	tRNA-Gln(ttg)
ILKHNOCB_01419	CDS	hypothetical protein
ILKHNOCB_01420	CDS	hypothetical protein
ILKHNOCB_01421	CDS	hypothetical protein
ILKHNOCB_01422	tRNA	tRNA-Phe(gaa)
ILKHNOCB_01423	CDS	hypothetical protein
ILKHNOCB_01424	CDS	hypothetical protein
ILKHNOCB_01425	CDS	hypothetical protein
ILKHNOCB_01426	CDS	2.5.-.-	Deoxyhypusine synthase-like protein
ILKHNOCB_01427	CDS	csbC_2	putative metabolite transport protein CsbC
ILKHNOCB_01428	CDS	yxlF_2	3.6.3.-	putative ABC transporter ATP-binding protein YxlF
ILKHNOCB_01429	CDS	hypothetical protein
ILKHNOCB_01430	CDS	hypothetical protein
ILKHNOCB_01431	CDS	hypothetical protein
ILKHNOCB_01432	CDS	hypothetical protein
ILKHNOCB_01433	CDS	rpsG	30S ribosomal protein S7
ILKHNOCB_01434	CDS	rpsL	30S ribosomal protein S12
ILKHNOCB_01435	CDS	mdtH	Multidrug resistance protein MdtH
ILKHNOCB_01436	CDS	hypothetical protein
ILKHNOCB_01437	CDS	korB_2	1.2.7.3	2-oxoglutarate oxidoreductase subunit KorB
ILKHNOCB_01438	CDS	korA_2	1.2.7.3	2-oxoglutarate oxidoreductase subunit KorA
ILKHNOCB_01439	CDS	hypothetical protein
ILKHNOCB_01440	CDS	hypothetical protein
ILKHNOCB_01441	CDS	hypothetical protein
ILKHNOCB_01442	tRNA	tRNA-Ser(cga)
ILKHNOCB_01443	CDS	hypothetical protein
ILKHNOCB_01444	CDS	hypothetical protein
ILKHNOCB_01445	CDS	hypothetical protein
ILKHNOCB_01446	CDS	hypothetical protein
ILKHNOCB_01447	CDS	hypothetical protein
ILKHNOCB_01448	CDS	hypothetical protein
ILKHNOCB_01449	CDS	mftF	2.-.-.-	Putative mycofactocin biosynthesis glycosyltransferase MftF
ILKHNOCB_01450	CDS	hypothetical protein
ILKHNOCB_01451	CDS	ubiB	2.7.-.-	putative protein kinase UbiB
ILKHNOCB_01452	CDS	hypothetical protein
ILKHNOCB_01453	CDS	rpe	5.1.3.1	Ribulose-phosphate 3-epimerase
ILKHNOCB_01454	CDS	adh	1.1.1.1	Alcohol dehydrogenase
ILKHNOCB_01455	CDS	hypothetical protein
ILKHNOCB_01456	CDS	hypothetical protein
ILKHNOCB_01457	CDS	hypothetical protein
ILKHNOCB_01458	CDS	hypothetical protein
ILKHNOCB_01459	CDS	hypothetical protein
ILKHNOCB_01460	CDS	3.4.21.26	Prolyl endopeptidase
ILKHNOCB_01461	CDS	hypothetical protein
ILKHNOCB_01462	CDS	hypothetical protein
ILKHNOCB_01463	CDS	hypothetical protein
ILKHNOCB_01464	CDS	hypothetical protein
ILKHNOCB_01465	tRNA	tRNA-Ile(gat)
ILKHNOCB_01466	CDS	lipA	2.8.1.8	Lipoyl synthase
ILKHNOCB_01467	CDS	1.2.4.4	2-oxoisovalerate dehydrogenase subunit alpha
ILKHNOCB_01468	CDS	1.2.4.4	2-oxoisovalerate dehydrogenase subunit beta
ILKHNOCB_01469	CDS	pdhC	2.3.1.12	Dihydrolipoyllysine-residue acetyltransferase component of pyruvate dehydrogenase complex
ILKHNOCB_01470	CDS	pdhD	1.8.1.4	Dihydrolipoyl dehydrogenase
ILKHNOCB_01471	CDS	lipB_2	2.3.1.181	Octanoyltransferase
ILKHNOCB_01472	CDS	hypothetical protein
ILKHNOCB_01473	CDS	hypothetical protein
ILKHNOCB_01474	CDS	hypothetical protein
ILKHNOCB_01475	CDS	icd	1.1.1.42	Isocitrate dehydrogenase [NADP]
ILKHNOCB_01476	CDS	thrB_3	2.7.1.39	Homoserine kinase
ILKHNOCB_01477	CDS	purA	6.3.4.4	Adenylosuccinate synthetase
ILKHNOCB_01478	CDS	obg	3.6.5.-	GTPase Obg
ILKHNOCB_01479	CDS	tdcB	4.3.1.19	L-threonine ammonia-lyase
ILKHNOCB_01480	CDS	fchA	3.5.4.9	Methenyltetrahydrofolate cyclohydrolase
ILKHNOCB_01481	CDS	2.1.2.5	Glutamate formimidoyltransferase
ILKHNOCB_01482	CDS	pcp_2	3.4.19.3	Pyrrolidone-carboxylate peptidase
ILKHNOCB_01483	CDS	hypothetical protein
ILKHNOCB_01484	CDS	hypothetical protein
ILKHNOCB_01485	CDS	hypothetical protein
ILKHNOCB_01486	CDS	rplJ	50S ribosomal protein L10
ILKHNOCB_01487	CDS	rplA	50S ribosomal protein L1
ILKHNOCB_01488	CDS	rplK	50S ribosomal protein L11
ILKHNOCB_01489	CDS	comB	3.1.3.71	putative 2-phosphosulfolactate phosphatase
ILKHNOCB_01490	CDS	hypothetical protein
ILKHNOCB_01491	CDS	hypothetical protein
ILKHNOCB_01492	CDS	hypothetical protein
ILKHNOCB_01493	CDS	mvaS	2.3.3.10	Hydroxymethylglutaryl-CoA synthase
ILKHNOCB_01494	CDS	pcaF	2.3.1.174	Beta-ketoadipyl-CoA thiolase
ILKHNOCB_01495	CDS	hypothetical protein
ILKHNOCB_01496	CDS	bcp_3	1.11.1.15	Putative peroxiredoxin bcp
ILKHNOCB_01497	CDS	hypothetical protein
ILKHNOCB_01498	CDS	hypothetical protein
ILKHNOCB_01499	CDS	hypothetical protein
ILKHNOCB_01500	CDS	hypothetical protein
ILKHNOCB_01501	CDS	yveA_2	Aspartate-proton symporter
ILKHNOCB_01502	CDS	2.3.1.82	Aminoglycoside N(6')-acetyltransferase type 1
ILKHNOCB_01503	CDS	hypothetical protein
ILKHNOCB_01504	CDS	metG	6.1.1.10	Methionine--tRNA ligase
ILKHNOCB_01505	CDS	lysS	6.1.1.6	Lysine--tRNA ligase
ILKHNOCB_01506	CDS	pyrE_2	2.4.2.10	Orotate phosphoribosyltransferase
ILKHNOCB_01507	CDS	2.7.7.53	AP-4-A phosphorylase
ILKHNOCB_01508	CDS	hypothetical protein
ILKHNOCB_01509	CDS	hypothetical protein
ILKHNOCB_01510	CDS	glgX	3.2.1.-	Glycogen operon protein GlgX 
ILKHNOCB_01511	CDS	yecD	3.-.-.-	Isochorismatase family protein YecD
ILKHNOCB_01512	CDS	gltA_2	2.3.3.16	Citrate synthase
ILKHNOCB_01513	CDS	gloC	3.1.2.6	Hydroxyacylglutathione hydrolase GloC
ILKHNOCB_01514	CDS	ahpF_2	1.8.1.-	Alkyl hydroperoxide reductase subunit F
ILKHNOCB_01515	CDS	hypothetical protein
ILKHNOCB_01516	CDS	hbd_3	1.1.1.157	3-hydroxybutyryl-CoA dehydrogenase
ILKHNOCB_01517	CDS	natA_6	ABC transporter ATP-binding protein NatA
ILKHNOCB_01518	CDS	hypothetical protein
ILKHNOCB_01519	CDS	yhdG_2	putative amino acid permease YhdG
ILKHNOCB_01520	CDS	megL	4.4.1.11	L-methionine gamma-lyase
ILKHNOCB_01521	CDS	tmk	2.7.4.9	Thymidylate kinase
ILKHNOCB_01522	CDS	map	3.4.11.18	Methionine aminopeptidase 1
ILKHNOCB_01523	CDS	hypothetical protein
ILKHNOCB_01524	CDS	hypothetical protein
ILKHNOCB_01525	CDS	bphA3	Biphenyl 2,3-dioxygenase, ferredoxin component
ILKHNOCB_01526	CDS	carD_3	1.3.1.108	Caffeyl-CoA reductase-Etf complex subunit CarD
ILKHNOCB_01527	CDS	hypothetical protein
ILKHNOCB_01528	CDS	ydaF	2.3.1.-	Putative ribosomal N-acetyltransferase YdaF
ILKHNOCB_01529	CDS	hypothetical protein
ILKHNOCB_01530	CDS	ychF	Ribosome-binding ATPase YchF
ILKHNOCB_01531	CDS	hypothetical protein
ILKHNOCB_01532	CDS	egsA	1.1.1.261	Glycerol-1-phosphate dehydrogenase [NAD(P)+]
ILKHNOCB_01533	CDS	iaaA	3.4.19.5	Isoaspartyl peptidase
ILKHNOCB_01534	tRNA	tRNA-Val(gac)
ILKHNOCB_01535	CDS	hypothetical protein
ILKHNOCB_01536	CDS	hypothetical protein
ILKHNOCB_01537	CDS	lrpC	HTH-type transcriptional regulator LrpC
ILKHNOCB_01538	CDS	ygcS	Inner membrane metabolite transport protein YgcS
ILKHNOCB_01539	CDS	csbC_3	putative metabolite transport protein CsbC
ILKHNOCB_01540	CDS	dadA	1.4.99.-	D-amino acid dehydrogenase
ILKHNOCB_01541	CDS	gfo	1.1.99.28	Glucose--fructose oxidoreductase
ILKHNOCB_01542	CDS	hypothetical protein
ILKHNOCB_01543	CDS	hypothetical protein
ILKHNOCB_01544	CDS	nikA_2	Nickel-binding periplasmic protein
ILKHNOCB_01545	CDS	gsiC	Glutathione transport system permease protein GsiC
ILKHNOCB_01546	CDS	dppC_2	Dipeptide transport system permease protein DppC
ILKHNOCB_01547	CDS	oppD_4	Oligopeptide transport ATP-binding protein OppD
ILKHNOCB_01548	CDS	oppF_2	Oligopeptide transport ATP-binding protein OppF
ILKHNOCB_01549	CDS	hypothetical protein
ILKHNOCB_01550	CDS	bglA_2	3.2.1.21	Beta-glucosidase A
ILKHNOCB_01551	CDS	yhdN_2	1.1.1.-	General stress protein 69
ILKHNOCB_01552	CDS	hypothetical protein
ILKHNOCB_01553	CDS	hypothetical protein
ILKHNOCB_01554	CDS	gspK	2.7.1.8	Glucosamine kinase GspK
ILKHNOCB_01555	CDS	pepO	3.4.24.-	Neutral endopeptidase
ILKHNOCB_01556	CDS	ftsE	Cell division ATP-binding protein FtsE
ILKHNOCB_01557	CDS	hypothetical protein
ILKHNOCB_01558	CDS	hypothetical protein
ILKHNOCB_01559	CDS	hypothetical protein
ILKHNOCB_01560	CDS	hypothetical protein
ILKHNOCB_01561	CDS	yhdN_3	1.1.1.-	General stress protein 69
ILKHNOCB_01562	CDS	hypothetical protein
ILKHNOCB_01563	CDS	hypothetical protein
ILKHNOCB_01564	CDS	3.1.1.99	6-deoxy-6-sulfogluconolactonase
ILKHNOCB_01565	CDS	hypothetical protein
ILKHNOCB_01566	CDS	3.4.-.-	putative peptidase
ILKHNOCB_01567	CDS	hypothetical protein
ILKHNOCB_01568	CDS	hypothetical protein
ILKHNOCB_01569	CDS	hypothetical protein
ILKHNOCB_01570	CDS	katG	1.11.1.21	Catalase-peroxidase
ILKHNOCB_01571	CDS	yicI_2	3.2.1.177	Alpha-xylosidase
ILKHNOCB_01572	CDS	6.2.1.3	Long-chain-fatty-acid--CoA ligase
ILKHNOCB_01573	CDS	hypothetical protein
ILKHNOCB_01574	CDS	hypothetical protein
ILKHNOCB_01575	CDS	hypothetical protein
ILKHNOCB_01576	CDS	hypothetical protein
ILKHNOCB_01577	CDS	hypothetical protein
ILKHNOCB_01578	CDS	hypothetical protein
ILKHNOCB_01579	CDS	3.6.3.8	Calcium-transporting ATPase 1
ILKHNOCB_01580	CDS	sdpR	Transcriptional repressor SdpR
ILKHNOCB_01581	CDS	hypothetical protein
ILKHNOCB_01582	CDS	hypothetical protein
ILKHNOCB_01583	CDS	hypothetical protein
ILKHNOCB_01584	CDS	radD_2	3.6.4.12	Putative DNA repair helicase RadD
ILKHNOCB_01585	CDS	hypothetical protein
ILKHNOCB_01586	CDS	hypothetical protein
ILKHNOCB_01587	CDS	lpdA_2	1.8.1.4	Dihydrolipoyl dehydrogenase
ILKHNOCB_01588	CDS	hypothetical protein
ILKHNOCB_01589	CDS	hypothetical protein
ILKHNOCB_01590	CDS	ygiD_2	1.13.11.29	4,5-DOPA dioxygenase extradiol
ILKHNOCB_01591	CDS	hypothetical protein
ILKHNOCB_01592	CDS	hypothetical protein
ILKHNOCB_01593	CDS	hypothetical protein
ILKHNOCB_01594	CDS	hypothetical protein
ILKHNOCB_01595	CDS	hypothetical protein
